n,t,x,y,vx,vy,rx,ry
1,0.1,2.71716,2.8763,4.1716,,-1.23704,-0.292562,-0.309697
2,0.1,3.13139,2.74949,4.14234,,-1.26801,-0.288628,-0.253427
3,0.1,3.54274,2.62016,4.11348,,-1.29335,-0.276196,-0.20427
4,0.1,3.95133,2.48878,4.08586,,-1.31378,-0.258806,-0.163011
5,0.1,4.35733,2.35577,4.05998,,-1.33008,-0.239134,-0.129287
6,0.1,4.76093,2.22147,4.03607,,-1.34301,-0.218988,-0.102181
7,0.1,5.16235,2.08615,4.01417,,-1.35323,-0.199476,-0.08061
8,0.1,5.56177,1.95002,3.99422,,-1.36129,-0.181205,-0.0635327
9,0.1,5.95938,1.81326,3.9761,,-1.36764,-0.164454,-0.0500381
10,0.1,6.35535,1.67599,3.95966,,-1.37265,-0.149296,-0.0393714
11,0.1,6.74982,1.53833,3.94473,,-1.37658,-0.135692,-0.0309251
12,0.1,7.14294,1.40036,3.93116,,-1.37968,-0.123539,-0.0242196
13,0.1,7.53482,1.26215,3.9188,,-1.3821,-0.112708,-0.0188796
14,0.1,7.92557,1.12376,3.90753,,-1.38399,-0.103062,-0.014613
15,0.1,8.31529,0.98521,3.89723,,-1.38545,-0.094469,-0.0111929
16,0.1,8.70407,0.846554,3.88778,,-1.38657,-0.0868056,-0.00844267
17,0.1,9.09198,0.707812,3.8791,,-1.38741,-0.07996,-0.0062249
18,0.1,9.47909,0.569009,3.8711,,-1.38803,-0.0738328,-0.00443202
19,0.1,9.86546,0.430161,3.86372,,-1.38848,-0.0683366,-0.00297966
20,0.1,10.2512,0.291284,3.85689,,-1.38878,-0.063395,-0.00180135
21,0.1,10.6362,0.152388,3.85055,,-1.38896,-0.0589411,-0.000844467
22,0.1,11.0207,0.013484,3.84465,,-1.38904,-0.0549172,-6.71921e-05
23,0.1,11.4046,-0.125421,3.83916,,-1.38905,-0.0512729,0.000563868
24,0.1,11.788,-0.26432,3.83403,,-1.38899,-0.0479644,0.0010755
25,0.1,12.1709,-0.403208,3.82924,,-1.38888,-0.0449536,0.00148926
26,0.1,12.5534,-0.542082,3.82474,,-1.38873,-0.0422076,0.00182261
27,0.1,12.9354,-0.680937,3.82052,,-1.38855,-0.0396973,0.00208971
28,0.1,13.3171,-0.819771,3.81655,,-1.38834,-0.0373975,0.00230211
29,0.1,13.6984,-0.958582,3.81281,,-1.38811,-0.0352862,0.00246925
30,0.1,14.0793,-1.09737,3.80928,,-1.38787,-0.033344,0.0025989
31,0.1,14.4599,-1.23613,3.80595,,-1.38761,-0.0315538,0.00269743
32,0.1,14.8402,-1.37486,3.80279,,-1.38734,-0.0299006,0.00277013
33,0.1,15.2202,-1.51357,3.7998,,-1.38706,-0.0283711,0.00282137
34,0.1,15.5999,-1.65225,3.79697,,-1.38678,-0.0269536,0.00285477
35,0.1,15.9793,-1.7909,3.79427,,-1.38649,-0.0256377,0.00287338
36,0.1,16.3585,-1.92952,3.79171,,-1.3862,-0.0244141,0.0028797
37,0.1,16.7374,-2.06811,3.78927,,-1.38592,-0.0232745,0.00287585
38,0.1,17.1161,-2.20667,3.78694,,-1.38563,-0.0222115,0.0028636
39,0.1,17.4945,-2.34521,3.78472,,-1.38534,-0.0212187,0.00284443
40,0.1,17.8728,-2.48371,3.78259,,-1.38506,-0.0202899,0.00281961
41,0.1,18.2509,-2.62219,3.78057,,-1.38478,-0.01942,0.00279016
42,0.1,18.6287,-2.76064,3.77862,,-1.3845,-0.0186041,0.00275699
43,0.1,19.0064,-2.89906,3.77676,,-1.38422,-0.0178379,0.00272083
44,0.1,19.3839,-3.03746,3.77498,,-1.38395,-0.0171175,0.00268231
45,0.1,19.7612,-3.17582,3.77327,,-1.38368,-0.0164394,0.00264198
46,0.1,20.1384,-3.31417,3.77162,,-1.38342,-0.0158004,0.00260026
47,0.1,20.5154,-3.45248,3.77004,,-1.38316,-0.0151975,0.00255755
48,0.1,20.8922,-3.59077,3.76852,,-1.3829,-0.0146282,0.00251416
49,0.1,21.269,-3.72904,3.76706,,-1.38265,-0.01409,0.00247036
50,0.1,21.6455,-3.86728,3.76565,,-1.3824,-0.0135806,0.00242637
51,0.1,22.0219,-4.00549,3.76429,,-1.38216,-0.0130982,0.00238239
52,0.1,22.3982,-4.14368,3.76298,,-1.38192,-0.0126408,0.00233856
53,0.1,22.7744,-4.28185,3.76172,,-1.38169,-0.0122068,0.00229502
54,0.1,23.1505,-4.42,3.7605,,-1.38146,-0.0117946,0.00225188
55,0.1,23.5264,-4.55812,3.75932,,-1.38123,-0.0114027,0.00220923
56,0.1,23.9022,-4.69622,3.75818,,-1.38101,-0.01103,0.00216713
57,0.1,24.2779,-4.8343,3.75708,,-1.3808,-0.0106751,0.00212566
58,0.1,24.6535,-4.97236,3.75601,,-1.38058,-0.010337,0.00208486
59,0.1,25.029,-5.1104,3.75498,,-1.38037,-0.0100145,0.00204476
60,0.1,25.4044,-5.24842,3.75397,,-1.38017,-0.00970689,0.00200539
61,0.1,25.7797,-5.38641,3.753,,-1.37997,-0.00941312,0.00196678
62,0.1,26.1549,-5.52439,3.75206,,-1.37977,-0.00913242,0.00192893
63,0.1,26.53,-5.66235,3.75115,,-1.37958,-0.00886402,0.00189186
64,0.1,26.9051,-5.80029,3.75026,,-1.37939,-0.00860723,0.00185558
65,0.1,27.28,-5.93821,3.7494,,-1.37921,-0.00836139,0.00182008
66,0.1,27.6549,-6.07611,3.74857,,-1.37902,-0.00812589,0.00178536
67,0.1,28.0296,-6.21399,3.74775,,-1.37884,-0.00790016,0.00175141
68,0.1,28.4043,-6.35186,3.74696,,-1.37867,-0.00768366,0.00171824
69,0.1,28.779,-6.48971,3.74619,,-1.3785,-0.00747591,0.00168583
70,0.1,29.1535,-6.62754,3.74545,,-1.37833,-0.00727644,0.00165417
71,0.1,29.528,-6.76536,3.74472,,-1.37816,-0.00708482,0.00162325
72,0.1,29.9024,-6.90316,3.74401,,-1.378,-0.00690064,0.00159306
73,0.1,30.2767,-7.04094,3.74332,,-1.37784,-0.00672353,0.00156358
74,0.1,30.651,-7.17871,3.74265,,-1.37769,-0.00655314,0.0015348
75,0.1,31.0252,-7.31647,3.74199,,-1.37753,-0.00638911,0.0015067
76,0.1,31.3993,-7.4542,3.74135,,-1.37738,-0.00623115,0.00147928
77,0.1,31.7734,-7.59193,3.74073,,-1.37723,-0.00607897,0.00145251
78,0.1,32.1474,-7.72964,3.74012,,-1.37709,-0.00593227,0.00142638
79,0.1,32.5213,-7.86733,3.73953,,-1.37695,-0.00579081,0.00140087
80,0.1,32.8952,-8.00501,3.73895,,-1.37681,-0.00565433,0.00137597
81,0.1,33.2691,-8.14268,3.73839,,-1.37667,-0.00552262,0.00135167
82,0.1,33.6429,-8.28033,3.73783,,-1.37653,-0.00539544,0.00132795
83,0.1,34.0166,-8.41797,3.73729,,-1.3764,-0.00527259,0.00130479
84,0.1,34.3903,-8.5556,3.73677,,-1.37627,-0.00515388,0.00128218
85,0.1,34.7639,-8.69321,3.73625,,-1.37614,-0.00503913,0.00126011
86,0.1,35.1375,-8.83081,3.73575,,-1.37602,-0.00492817,0.00123856
87,0.1,35.511,-8.9684,3.73525,,-1.37589,-0.00482082,0.00121751
88,0.1,35.8845,-9.10598,3.73477,,-1.37577,-0.00471693,0.00119696
89,0.1,36.2579,-9.24355,3.7343,,-1.37565,-0.00461636,0.00117689
90,0.1,36.6313,-9.3811,3.73384,,-1.37553,-0.00451897,0.00115729
91,0.1,37.0046,-9.51864,3.73339,,-1.37542,-0.00442462,0.00113814
92,0.1,37.3779,-9.65617,3.73294,,-1.3753,-0.0043332,0.00111943
93,0.1,37.7512,-9.79369,3.73251,,-1.37519,-0.00424457,0.00110116
94,0.1,38.1244,-9.9312,3.73209,,-1.37508,-0.00415863,0.0010833
95,0.1,38.4975,-10.0687,3.73167,,-1.37497,-0.00407527,0.00106585
96,0.1,38.8707,-10.2062,3.73126,,-1.37487,-0.00399439,0.0010488
97,0.1,39.2438,-10.3437,3.73086,,-1.37476,-0.00391589,0.00103213
98,0.1,39.6168,-10.4811,3.73047,,-1.37466,-0.00383968,0.00101584
99,0.1,39.9898,-10.6186,3.73009,,-1.37456,-0.00376567,0.000999907
100,0.1,40.3628,-10.756,3.72971,,-1.37446,-0.00369378,0.000984333
101,0.1,40.7357,-10.8935,3.72934,,-1.37436,-0.00362393,0.000969103
102,0.1,41.1086,-11.0309,3.72898,,-1.37426,-0.00355603,0.000954208
103,0.1,41.4815,-11.1683,3.72862,,-1.37417,-0.00349003,0.000939641
104,0.1,41.8543,-11.3057,3.72828,,-1.37407,-0.00342584,0.00092539
105,0.1,42.2271,-11.4431,3.72793,,-1.37398,-0.00336341,0.000911449
106,0.1,42.5999,-11.5805,3.7276,,-1.37389,-0.00330266,0.000897808
107,0.1,42.9726,-11.7179,3.72727,,-1.3738,-0.00324355,0.00088446
108,0.1,43.3453,-11.8552,3.72694,,-1.37371,-0.00318601,0.000871397
109,0.1,43.7179,-11.9926,3.72662,,-1.37362,-0.00312998,0.00085861
110,0.1,44.0906,-12.13,3.72631,,-1.37354,-0.00307542,0.000846094
111,0.1,44.4632,-12.2673,3.726,,-1.37345,-0.00302228,0.00083384
112,0.1,44.8357,-12.4046,3.7257,,-1.37337,-0.00297049,0.000821842
113,0.1,45.2083,-12.542,3.7254,,-1.37329,-0.00292003,0.000810093
114,0.1,45.5808,-12.6793,3.72511,,-1.37321,-0.00287084,0.000798587
115,0.1,45.9533,-12.8166,3.72482,,-1.37313,-0.00282288,0.000787317
116,0.1,46.3257,-12.9539,3.72454,,-1.37305,-0.00277612,0.000776276
117,0.1,46.6982,-13.0912,3.72426,,-1.37297,-0.0027305,0.00076546
118,0.1,47.0706,-13.2285,3.72399,,-1.37289,-0.002686,0.000754862
119,0.1,47.4429,-13.3658,3.72372,,-1.37282,-0.00264258,0.000744477
120,0.1,47.8153,-13.5031,3.72346,,-1.37274,-0.00260021,0.000734299
121,0.1,48.1876,-13.6403,3.7232,,-1.37267,-0.00255884,0.000724323
122,0.1,48.5599,-13.7776,3.72294,,-1.3726,-0.00251845,0.000714544
123,0.1,48.9322,-13.9148,3.72269,,-1.37253,-0.00247902,0.000704957
124,0.1,49.3044,-14.0521,3.72244,,-1.37245,-0.0024405,0.000695557
125,0.1,49.6766,-14.1893,3.7222,,-1.37239,-0.00240287,0.00068634
126,0.1,50.0488,-14.3265,3.72196,,-1.37232,-0.0023661,0.0006773
127,0.1,50.421,-14.4638,3.72172,,-1.37225,-0.00233017,0.000668434
128,0.1,50.7931,-14.601,3.72149,,-1.37218,-0.00229506,0.000659737
129,0.1,51.1653,-14.7382,3.72126,,-1.37212,-0.00226073,0.000651206
130,0.1,51.5374,-14.8754,3.72103,,-1.37205,-0.00222717,0.000642835
131,0.1,51.9094,-15.0126,3.72081,,-1.37199,-0.00219434,0.000634621
132,0.1,52.2815,-15.1498,3.72059,,-1.37192,-0.00216224,0.000626561
133,0.1,52.6535,-15.287,3.72038,,-1.37186,-0.00213084,0.00061865
134,0.1,53.0256,-15.4242,3.72016,,-1.3718,-0.00210012,0.000610886
135,0.1,53.3976,-15.5613,3.71995,,-1.37174,-0.00207005,0.000603264
136,0.1,53.7695,-15.6985,3.71974,,-1.37168,-0.00204063,0.000595781
137,0.1,54.1415,-15.8357,3.71954,,-1.37162,-0.00201183,0.000588434
138,0.1,54.5134,-15.9728,3.71934,,-1.37156,-0.00198364,0.00058122
139,0.1,54.8853,-16.11,3.71914,,-1.3715,-0.00195603,0.000574136
140,0.1,55.2572,-16.2471,3.71895,,-1.37144,-0.001929,0.000567178
141,0.1,55.6291,-16.3843,3.71875,,-1.37139,-0.00190252,0.000560344
142,0.1,56.001,-16.5214,3.71856,,-1.37133,-0.00187659,0.00055363
143,0.1,56.3728,-16.6585,3.71837,,-1.37128,-0.00185118,0.000547035
144,0.1,56.7446,-16.7956,3.71819,,-1.37122,-0.00182628,0.000540555
145,0.1,57.1164,-16.9328,3.71801,,-1.37117,-0.00180189,0.000534188
146,0.1,57.4882,-17.0699,3.71783,,-1.37111,-0.00177797,0.000527931
147,0.1,57.86,-17.207,3.71765,,-1.37106,-0.00175454,0.000521781
148,0.1,58.2317,-17.3441,3.71747,,-1.37101,-0.00173156,0.000515737
149,0.1,58.6034,-17.4812,3.7173,,-1.37096,-0.00170903,0.000509796
150,0.1,58.9752,-17.6183,3.71713,,-1.37091,-0.00168694,0.000503956
151,0.1,59.3469,-17.7553,3.71696,,-1.37086,-0.00166527,0.000498214
152,0.1,59.7185,-17.8924,3.71679,,-1.37081,-0.00164402,0.000492569
153,0.1,60.0902,-18.0295,3.71663,,-1.37076,-0.00162317,0.000487017
154,0.1,60.4618,-18.1666,3.71647,,-1.37071,-0.00160272,0.000481558
155,0.1,60.8335,-18.3036,3.71631,,-1.37066,-0.00158265,0.000476189
156,0.1,61.2051,-18.4407,3.71615,,-1.37061,-0.00156295,0.000470908
157,0.1,61.5767,-18.5778,3.71599,,-1.37056,-0.00154363,0.000465714
158,0.1,61.9483,-18.7148,3.71584,,-1.37052,-0.00152465,0.000460604
159,0.1,62.3198,-18.8519,3.71569,,-1.37047,-0.00150603,0.000455576
160,0.1,62.6914,-18.9889,3.71554,,-1.37043,-0.00148774,0.00045063
161,0.1,63.0629,-19.1259,3.71539,,-1.37038,-0.00146979,0.000445763
162,0.1,63.4345,-19.263,3.71524,,-1.37034,-0.00145216,0.000440973
163,0.1,63.806,-19.4,3.71509,,-1.37029,-0.00143484,0.000436259
164,0.1,64.1775,-19.537,3.71495,,-1.37025,-0.00141783,0.00043162
165,0.1,64.5489,-19.674,3.71481,,-1.37021,-0.00140113,0.000427054
166,0.1,64.9204,-19.8111,3.71467,,-1.37016,-0.00138471,0.000422559
167,0.1,65.2919,-19.9481,3.71453,,-1.37012,-0.00136859,0.000418133
168,0.1,65.6633,-20.0851,3.71439,,-1.37008,-0.00135274,0.000413777
169,0.1,66.0347,-20.2221,3.71426,,-1.37004,-0.00133717,0.000409487
170,0.1,66.4061,-20.3591,3.71412,,-1.37,-0.00132186,0.000405263
171,0.1,66.7775,-20.4961,3.71399,,-1.36996,-0.00130682,0.000401104
172,0.1,67.1489,-20.6331,3.71386,,-1.36992,-0.00129203,0.000397007
173,0.1,67.5203,-20.7701,3.71373,,-1.36988,-0.00127749,0.000392973
174,0.1,67.8917,-20.907,3.7136,,-1.36984,-0.0012632,0.000388999
175,0.1,68.263,-21.044,3.71348,,-1.3698,-0.00124914,0.000385084
176,0.1,68.6343,-21.181,3.71335,,-1.36976,-0.00123532,0.000381228
177,0.1,69.0057,-21.318,3.71323,,-1.36972,-0.00122173,0.000377429
178,0.1,69.377,-21.4549,3.71311,,-1.36968,-0.00120836,0.000373686
179,0.1,69.7483,-21.5919,3.71299,,-1.36965,-0.0011952,0.000369998
180,0.1,70.1196,-21.7289,3.71287,,-1.36961,-0.00118227,0.000366364
181,0.1,70.4908,-21.8658,3.71275,,-1.36957,-0.00116954,0.000362783
182,0.1,70.8621,-22.0028,3.71263,,-1.36954,-0.00115701,0.000359254
183,0.1,71.2333,-22.1397,3.71252,,-1.3695,-0.00114469,0.000355775
184,0.1,71.6046,-22.2767,3.7124,,-1.36946,-0.00113256,0.000352346
185,0.1,71.9758,-22.4136,3.71229,,-1.36943,-0.00112062,0.000348967
186,0.1,72.347,-22.5506,3.71218,,-1.36939,-0.00110887,0.000345635
187,0.1,72.7182,-22.6875,3.71207,,-1.36936,-0.00109731,0.000342351
188,0.1,73.0894,-22.8244,3.71196,,-1.36933,-0.00108592,0.000339112
189,0.1,73.4606,-22.9614,3.71185,,-1.36929,-0.00107471,0.000335919
190,0.1,73.8318,-23.0983,3.71174,,-1.36926,-0.00106368,0.000332771
191,0.1,74.203,-23.2352,3.71163,,-1.36923,-0.00105281,0.000329667
192,0.1,74.5741,-23.3721,3.71153,,-1.36919,-0.00104211,0.000326605
193,0.1,74.9453,-23.509,3.71142,,-1.36916,-0.00103157,0.000323586
194,0.1,75.3164,-23.6459,3.71132,,-1.36913,-0.00102119,0.000320608
195,0.1,75.6875,-23.7829,3.71122,,-1.3691,-0.00101097,0.00031767
196,0.1,76.0586,-23.9198,3.71112,,-1.36906,-0.0010009,0.000314773
197,0.1,76.4297,-24.0567,3.71102,,-1.36903,-0.000990975,0.000311915
198,0.1,76.8008,-24.1936,3.71092,,-1.369,-0.000981201,0.000309095
199,0.1,77.1719,-24.3305,3.71082,,-1.36897,-0.000971571,0.000306313
200,0.1,77.543,-24.4674,3.71072,,-1.36894,-0.000962082,0.000303568
201,0.1,77.914,-24.6043,3.71063,,-1.36891,-0.000952731,0.00030086
202,0.1,78.2851,-24.7411,3.71053,,-1.36888,-0.000943516,0.000298188
203,0.1,78.6561,-24.878,3.71044,,-1.36885,-0.000934435,0.000295551
204,0.1,79.0272,-25.0149,3.71034,,-1.36882,-0.000925484,0.000292948
205,0.1,79.3982,-25.1518,3.71025,,-1.36879,-0.00091666,0.00029038
206,0.1,79.7692,-25.2887,3.71016,,-1.36876,-0.000907963,0.000287845
207,0.1,80.1402,-25.4255,3.71007,,-1.36873,-0.000899389,0.000285343
208,0.1,80.5112,-25.5624,3.70998,,-1.3687,-0.000890936,0.000282873
209,0.1,80.8822,-25.6993,3.70989,,-1.36868,-0.000882601,0.000280435
210,0.1,81.2532,-25.8361,3.7098,,-1.36865,-0.000874383,0.000278028
211,0.1,81.6241,-25.973,3.70971,,-1.36862,-0.000866279,0.000275652
212,0.1,81.9951,-26.1099,3.70963,,-1.36859,-0.000858288,0.000273306
213,0.1,82.3661,-26.2467,3.70954,,-1.36856,-0.000850406,0.00027099
214,0.1,82.737,-26.3836,3.70946,,-1.36854,-0.000842633,0.000268703
215,0.1,83.1079,-26.5204,3.70937,,-1.36851,-0.000834966,0.000266444
216,0.1,83.4789,-26.6573,3.70929,,-1.36848,-0.000827403,0.000264214
217,0.1,83.8498,-26.7941,3.70921,,-1.36846,-0.000819943,0.000262012
218,0.1,84.2207,-26.931,3.70912,,-1.36843,-0.000812583,0.000259837
219,0.1,84.5916,-27.0678,3.70904,,-1.36841,-0.000805321,0.000257688
220,0.1,84.9625,-27.2046,3.70896,,-1.36838,-0.000798157,0.000255566
221,0.1,85.3334,-27.3415,3.70888,,-1.36835,-0.000791088,0.000253471
222,0.1,85.7043,-27.4783,3.7088,,-1.36833,-0.000784112,0.0002514
223,0.1,86.0752,-27.6151,3.70873,,-1.3683,-0.000777229,0.000249355
224,0.1,86.446,-27.752,3.70865,,-1.36828,-0.000770435,0.000247335
225,0.1,86.8169,-27.8888,3.70857,,-1.36825,-0.000763731,0.000245338
226,0.1,87.1877,-28.0256,3.70849,,-1.36823,-0.000757113,0.000243366
227,0.1,87.5586,-28.1624,3.70842,,-1.36821,-0.000750581,0.000241418
228,0.1,87.9294,-28.2992,3.70834,,-1.36818,-0.000744134,0.000239492
229,0.1,88.3002,-28.4361,3.70827,,-1.36816,-0.000737769,0.00023759
230,0.1,88.671,-28.5729,3.7082,,-1.36813,-0.000731486,0.00023571
231,0.1,89.0419,-28.7097,3.70812,,-1.36811,-0.000725282,0.000233852
232,0.1,89.4127,-28.8465,3.70805,,-1.36809,-0.000719157,0.000232016
233,0.1,89.7835,-28.9833,3.70798,,-1.36806,-0.00071311,0.000230201
234,0.1,90.1543,-29.1201,3.70791,,-1.36804,-0.000707138,0.000228408
235,0.1,90.525,-29.2569,3.70784,,-1.36802,-0.000701242,0.000226635
236,0.1,90.8958,-29.3937,3.70777,,-1.36799,-0.000695418,0.000224883
237,0.1,91.2666,-29.5305,3.7077,,-1.36797,-0.000689668,0.000223151
238,0.1,91.6373,-29.6673,3.70763,,-1.36795,-0.000683988,0.000221439
239,0.1,92.0081,-29.8041,3.70756,,-1.36793,-0.000678378,0.000219746
240,0.1,92.3789,-29.9409,3.70749,,-1.36791,-0.000672836,0.000218073
241,0.1,92.7496,-30.0777,3.70742,,-1.36788,-0.000667363,0.000216418
242,0.1,93.1203,-30.2145,3.70736,,-1.36786,-0.000661956,0.000214783
243,0.1,93.4911,-30.3512,3.70729,,-1.36784,-0.000656615,0.000213165
244,0.1,93.8618,-30.488,3.70723,,-1.36782,-0.000651337,0.000211566
245,0.1,94.2325,-30.6248,3.70716,,-1.3678,-0.000646124,0.000209985
246,0.1,94.6032,-30.7616,3.7071,,-1.36778,-0.000640973,0.000208421
247,0.1,94.9739,-30.8984,3.70703,,-1.36776,-0.000635883,0.000206875
248,0.1,95.3446,-31.0351,3.70697,,-1.36774,-0.000630853,0.000205346
249,0.1,95.7153,-31.1719,3.7069,,-1.36772,-0.000625883,0.000203833
250,0.1,96.086,-31.3087,3.70684,,-1.36769,-0.000620972,0.000202338
251,0.1,96.4567,-31.4454,3.70678,,-1.36767,-0.000616118,0.000200858
252,0.1,96.8273,-31.5822,3.70672,,-1.36765,-0.000611321,0.000199395
253,0.1,97.198,-31.719,3.70666,,-1.36763,-0.00060658,0.000197947
254,0.1,97.5687,-31.8557,3.7066,,-1.36761,-0.000601893,0.000196516
255,0.1,97.9393,-31.9925,3.70654,,-1.3676,-0.000597261,0.000195099
256,0.1,98.31,-32.1292,3.70648,,-1.36758,-0.000592682,0.000193698
257,0.1,98.6806,-32.266,3.70642,,-1.36756,-0.000588156,0.000192312
258,0.1,99.0512,-32.4028,3.70636,,-1.36754,-0.000583681,0.00019094
259,0.1,99.4219,-32.5395,3.7063,,-1.36752,-0.000579258,0.000189584
260,0.1,99.7925,-32.6763,3.70624,,-1.3675,-0.000574884,0.000188241
261,0.1,100.163,-32.813,3.70618,,-1.36748,-0.00057056,0.000186913
262,0.1,100.534,-32.9498,3.70613,,-1.36746,-0.000566284,0.000185599
263,0.1,100.904,-33.0865,3.70607,,-1.36744,-0.000562056,0.000184298
264,0.1,101.275,-33.2232,3.70601,,-1.36742,-0.000557876,0.000183011
265,0.1,101.646,-33.36,3.70596,,-1.36741,-0.000553742,0.000181738
266,0.1,102.016,-33.4967,3.7059,,-1.36739,-0.000549654,0.000180477
267,0.1,102.387,-33.6335,3.70585,,-1.36737,-0.000545611,0.00017923
268,0.1,102.757,-33.7702,3.70579,,-1.36735,-0.000541612,0.000177996
269,0.1,103.128,-33.9069,3.70574,,-1.36733,-0.000537657,0.000176774
270,0.1,103.498,-34.0437,3.70569,,-1.36732,-0.000533746,0.000175565
271,0.1,103.869,-34.1804,3.70563,,-1.3673,-0.000529877,0.000174368
272,0.1,104.24,-34.3171,3.70558,,-1.36728,-0.00052605,0.000173183
273,0.1,104.61,-34.4538,3.70553,,-1.36726,-0.000522264,0.00017201
274,0.1,104.981,-34.5906,3.70547,,-1.36725,-0.000518519,0.000170849
275,0.1,105.351,-34.7273,3.70542,,-1.36723,-0.000514814,0.0001697
276,0.1,105.722,-34.864,3.70537,,-1.36721,-0.000511149,0.000168562
277,0.1,106.092,-35.0007,3.70532,,-1.3672,-0.000507523,0.000167436
278,0.1,106.463,-35.1374,3.70527,,-1.36718,-0.000503935,0.000166321
279,0.1,106.833,-35.2742,3.70522,,-1.36716,-0.000500385,0.000165217
280,0.1,107.204,-35.4109,3.70517,,-1.36715,-0.000496873,0.000164124
281,0.1,107.574,-35.5476,3.70512,,-1.36713,-0.000493397,0.000163041
282,0.1,107.945,-35.6843,3.70507,,-1.36711,-0.000489958,0.00016197
283,0.1,108.315,-35.821,3.70502,,-1.3671,-0.000486555,0.000160909
284,0.1,108.686,-35.9577,3.70497,,-1.36708,-0.000483187,0.000159858
285,0.1,109.056,-36.0944,3.70492,,-1.36707,-0.000479854,0.000158817
286,0.1,109.427,-36.2311,3.70488,,-1.36705,-0.000476555,0.000157787
287,0.1,109.797,-36.3678,3.70483,,-1.36703,-0.00047329,0.000156766
288,0.1,110.168,-36.5045,3.70478,,-1.36702,-0.000470059,0.000155756
289,0.1,110.538,-36.6412,3.70473,,-1.367,-0.000466861,0.000154755
290,0.1,110.909,-36.7779,3.70469,,-1.36699,-0.000463695,0.000153764
291,0.1,111.279,-36.9146,3.70464,,-1.36697,-0.000460561,0.000152782
292,0.1,111.65,-37.0513,3.7046,,-1.36696,-0.000457459,0.000151809
293,0.1,112.02,-37.188,3.70455,,-1.36694,-0.000454388,0.000150846
294,0.1,112.391,-37.3247,3.7045,,-1.36693,-0.000451348,0.000149892
295,0.1,112.761,-37.4614,3.70446,,-1.36691,-0.000448339,0.000148947
296,0.1,113.131,-37.5981,3.70441,,-1.3669,-0.00044536,0.000148011
297,0.1,113.502,-37.7348,3.70437,,-1.36688,-0.00044241,0.000147083
298,0.1,113.872,-37.8715,3.70433,,-1.36687,-0.000439489,0.000146165
299,0.1,114.243,-38.0082,3.70428,,-1.36685,-0.000436597,0.000145254
300,0.1,114.613,-38.1448,3.70424,,-1.36684,-0.000433734,0.000144353
301,0.1,114.984,-38.2815,3.70419,,-1.36682,-0.000430899,0.000143459
302,0.1,115.354,-38.4182,3.70415,,-1.36681,-0.000428091,0.000142574
303,0.1,115.724,-38.5549,3.70411,,-1.36679,-0.000425311,0.000141697
304,0.1,116.095,-38.6916,3.70407,,-1.36678,-0.000422558,0.000140828
305,0.1,116.465,-38.8282,3.70402,,-1.36677,-0.000419832,0.000139967
306,0.1,116.836,-38.9649,3.70398,,-1.36675,-0.000417132,0.000139114
307,0.1,117.206,-39.1016,3.70394,,-1.36674,-0.000414458,0.000138269
308,0.1,117.576,-39.2383,3.7039,,-1.36672,-0.000411809,0.000137431
309,0.1,117.947,-39.3749,3.70386,,-1.36671,-0.000409186,0.000136601
310,0.1,118.317,-39.5116,3.70382,,-1.3667,-0.000406588,0.000135779
311,0.1,118.688,-39.6483,3.70378,,-1.36668,-0.000404014,0.000134963
312,0.1,119.058,-39.7849,3.70374,,-1.36667,-0.000401465,0.000134155
313,0.1,119.428,-39.9216,3.7037,,-1.36666,-0.00039894,0.000133355
314,0.1,119.799,-40.0583,3.70366,,-1.36664,-0.000396439,0.000132561
315,0.1,120.169,-40.1949,3.70362,,-1.36663,-0.000393961,0.000131775
316,0.1,120.539,-40.3316,3.70358,,-1.36662,-0.000391506,0.000130995
317,0.1,120.91,-40.4682,3.70354,,-1.3666,-0.000389075,0.000130223
318,0.1,121.28,-40.6049,3.7035,,-1.36659,-0.000386665,0.000129457
319,0.1,121.65,-40.7416,3.70346,,-1.36658,-0.000384279,0.000128698
320,0.1,122.021,-40.8782,3.70342,,-1.36656,-0.000381914,0.000127945
321,0.1,122.391,-41.0149,3.70338,,-1.36655,-0.000379571,0.000127199
322,0.1,122.761,-41.1515,3.70334,,-1.36654,-0.000377249,0.00012646
323,0.1,123.132,-41.2882,3.70331,,-1.36653,-0.000374949,0.000125727
324,0.1,123.502,-41.4248,3.70327,,-1.36651,-0.00037267,0.000125
325,0.1,123.872,-41.5615,3.70323,,-1.3665,-0.000370411,0.00012428
326,0.1,124.243,-41.6981,3.7032,,-1.36649,-0.000368173,0.000123566
327,0.1,124.613,-41.8348,3.70316,,-1.36648,-0.000365955,0.000122858
328,0.1,124.983,-41.9714,3.70312,,-1.36646,-0.000363757,0.000122156
329,0.1,125.354,-42.1081,3.70309,,-1.36645,-0.000361579,0.00012146
330,0.1,125.724,-42.2447,3.70305,,-1.36644,-0.000359421,0.00012077
331,0.1,126.094,-42.3814,3.70301,,-1.36643,-0.000357281,0.000120085
332,0.1,126.465,-42.518,3.70298,,-1.36642,-0.000355161,0.000119407
333,0.1,126.835,-42.6546,3.70294,,-1.3664,-0.00035306,0.000118734
334,0.1,127.205,-42.7913,3.70291,,-1.36639,-0.000350977,0.000118067
335,0.1,127.575,-42.9279,3.70287,,-1.36638,-0.000348913,0.000117406
336,0.1,127.946,-43.0646,3.70284,,-1.36637,-0.000346866,0.00011675
337,0.1,128.316,-43.2012,3.7028,,-1.36636,-0.000344838,0.000116099
338,0.1,128.686,-43.3378,3.70277,,-1.36635,-0.000342828,0.000115454
339,0.1,129.057,-43.4745,3.70273,,-1.36633,-0.000340835,0.000114815
340,0.1,129.427,-43.6111,3.7027,,-1.36632,-0.000338859,0.00011418
341,0.1,129.797,-43.7477,3.70267,,-1.36631,-0.0003369,0.000113551
342,0.1,130.167,-43.8844,3.70263,,-1.3663,-0.000334959,0.000112927
343,0.1,130.538,-44.021,3.7026,,-1.36629,-0.000333034,0.000112309
344,0.1,130.908,-44.1576,3.70257,,-1.36628,-0.000331126,0.000111695
345,0.1,131.278,-44.2942,3.70253,,-1.36627,-0.000329234,0.000111086
346,0.1,131.648,-44.4309,3.7025,,-1.36625,-0.000327358,0.000110482
347,0.1,132.019,-44.5675,3.70247,,-1.36624,-0.000325498,0.000109883
348,0.1,132.389,-44.7041,3.70243,,-1.36623,-0.000323655,0.000109289
349,0.1,132.759,-44.8407,3.7024,,-1.36622,-0.000321826,0.0001087
350,0.1,133.129,-44.9774,3.70237,,-1.36621,-0.000320013,0.000108116
351,0.1,133.5,-45.114,3.70234,,-1.3662,-0.000318216,0.000107536
352,0.1,133.87,-45.2506,3.70231,,-1.36619,-0.000316433,0.000106961
353,0.1,134.24,-45.3872,3.70227,,-1.36618,-0.000314666,0.00010639
354,0.1,134.61,-45.5238,3.70224,,-1.36617,-0.000312913,0.000105824
355,0.1,134.98,-45.6604,3.70221,,-1.36616,-0.000311175,0.000105263
356,0.1,135.351,-45.7971,3.70218,,-1.36615,-0.000309452,0.000104706
357,0.1,135.721,-45.9337,3.70215,,-1.36614,-0.000307742,0.000104153
358,0.1,136.091,-46.0703,3.70212,,-1.36613,-0.000306047,0.000103605
359,0.1,136.461,-46.2069,3.70209,,-1.36612,-0.000304366,0.000103061
360,0.1,136.832,-46.3435,3.70206,,-1.36611,-0.000302698,0.000102521
361,0.1,137.202,-46.4801,3.70203,,-1.3661,-0.000301045,0.000101985
362,0.1,137.572,-46.6167,3.702,,-1.36608,-0.000299404,0.000101454
363,0.1,137.942,-46.7533,3.70197,,-1.36607,-0.000297777,0.000100927
364,0.1,138.312,-46.8899,3.70194,,-1.36606,-0.000296164,0.000100404
365,0.1,138.683,-47.0265,3.70191,,-1.36605,-0.000294563,9.98849e-05
366,0.1,139.053,-47.1631,3.70188,,-1.36604,-0.000292976,9.93699e-05
367,0.1,139.423,-47.2998,3.70185,,-1.36603,-0.000291401,9.88589e-05
368,0.1,139.793,-47.4364,3.70182,,-1.36602,-0.000289839,9.83518e-05
369,0.1,140.163,-47.573,3.70179,,-1.36601,-0.000288289,9.78485e-05
370,0.1,140.533,-47.7096,3.70176,,-1.36601,-0.000286752,9.73492e-05
371,0.1,140.904,-47.8462,3.70173,,-1.366,-0.000285227,9.68536e-05
372,0.1,141.274,-47.9828,3.7017,,-1.36599,-0.000283714,9.63618e-05
373,0.1,141.644,-48.1194,3.70168,,-1.36598,-0.000282214,9.58738e-05
374,0.1,142.014,-48.2559,3.70165,,-1.36597,-0.000280725,9.53894e-05
375,0.1,142.384,-48.3925,3.70162,,-1.36596,-0.000279248,9.49087e-05
376,0.1,142.754,-48.5291,3.70159,,-1.36595,-0.000277782,9.44316e-05
377,0.1,143.125,-48.6657,3.70156,,-1.36594,-0.000276328,9.39581e-05
378,0.1,143.495,-48.8023,3.70154,,-1.36593,-0.000274886,9.34881e-05
379,0.1,143.865,-48.9389,3.70151,,-1.36592,-0.000273454,9.30217e-05
380,0.1,144.235,-49.0755,3.70148,,-1.36591,-0.000272034,9.25588e-05
381,0.1,144.605,-49.2121,3.70145,,-1.3659,-0.000270625,9.20992e-05
382,0.1,144.975,-49.3487,3.70143,,-1.36589,-0.000269227,9.16431e-05
383,0.1,145.345,-49.4853,3.7014,,-1.36588,-0.00026784,9.11904e-05
384,0.1,145.716,-49.6219,3.70137,,-1.36587,-0.000266463,9.0741e-05
385,0.1,146.086,-49.7584,3.70135,,-1.36586,-0.000265097,9.0295e-05
386,0.1,146.456,-49.895,3.70132,,-1.36586,-0.000263741,8.98522e-05
387,0.1,146.826,-50.0316,3.70129,,-1.36585,-0.000262396,8.94126e-05
388,0.1,147.196,-50.1682,3.70127,,-1.36584,-0.000261061,8.89763e-05
389,0.1,147.566,-50.3048,3.70124,,-1.36583,-0.000259736,8.85431e-05
390,0.1,147.936,-50.4414,3.70122,,-1.36582,-0.000258422,8.81132e-05
391,0.1,148.306,-50.5779,3.70119,,-1.36581,-0.000257117,8.76863e-05
392,0.1,148.677,-50.7145,3.70116,,-1.3658,-0.000255822,8.72625e-05
393,0.1,149.047,-50.8511,3.70114,,-1.36579,-0.000254537,8.68418e-05
394,0.1,149.417,-50.9877,3.70111,,-1.36578,-0.000253261,8.64241e-05
395,0.1,149.787,-51.1243,3.70109,,-1.36578,-0.000251996,8.60094e-05
396,0.1,150.157,-51.2608,3.70106,,-1.36577,-0.000250739,8.55977e-05
397,0.1,150.527,-51.3974,3.70104,,-1.36576,-0.000249492,8.5189e-05
398,0.1,150.897,-51.534,3.70101,,-1.36575,-0.000248254,8.47831e-05
399,0.1,151.267,-51.6706,3.70099,,-1.36574,-0.000247026,8.43802e-05
400,0.1,151.637,-51.8071,3.70096,,-1.36573,-0.000245806,8.39801e-05
401,0.1,152.008,-51.9437,3.70094,,-1.36572,-0.000244596,8.35828e-05
402,0.1,152.378,-52.0803,3.70091,,-1.36572,-0.000243394,8.31884e-05
403,0.1,152.748,-52.2169,3.70089,,-1.36571,-0.000242202,8.27967e-05
404,0.1,153.118,-52.3534,3.70087,,-1.3657,-0.000241018,8.24078e-05
405,0.1,153.488,-52.49,3.70084,,-1.36569,-0.000239843,8.20217e-05
406,0.1,153.858,-52.6266,3.70082,,-1.36568,-0.000238676,8.16382e-05
407,0.1,154.228,-52.7631,3.70079,,-1.36568,-0.000237518,8.12574e-05
408,0.1,154.598,-52.8997,3.70077,,-1.36567,-0.000236368,8.08793e-05
409,0.1,154.968,-53.0363,3.70075,,-1.36566,-0.000235226,8.05038e-05
410,0.1,155.338,-53.1728,3.70072,,-1.36565,-0.000234093,8.01309e-05
411,0.1,155.708,-53.3094,3.7007,,-1.36564,-0.000232968,7.97606e-05
412,0.1,156.078,-53.446,3.70068,,-1.36564,-0.000231851,7.93929e-05
413,0.1,156.448,-53.5825,3.70065,,-1.36563,-0.000230742,7.90277e-05
414,0.1,156.819,-53.7191,3.70063,,-1.36562,-0.000229642,7.8665e-05
415,0.1,157.189,-53.8556,3.70061,,-1.36561,-0.000228548,7.83048e-05
416,0.1,157.559,-53.9922,3.70058,,-1.3656,-0.000227463,7.79471e-05
417,0.1,157.929,-54.1288,3.70056,,-1.3656,-0.000226386,7.75918e-05
418,0.1,158.299,-54.2653,3.70054,,-1.36559,-0.000225316,7.72389e-05
419,0.1,158.669,-54.4019,3.70052,,-1.36558,-0.000224253,7.68884e-05
420,0.1,159.039,-54.5384,3.70049,,-1.36557,-0.000223198,7.65403e-05
421,0.1,159.409,-54.675,3.70047,,-1.36556,-0.000222151,7.61946e-05
422,0.1,159.779,-54.8115,3.70045,,-1.36556,-0.000221111,7.58512e-05
423,0.1,160.149,-54.9481,3.70043,,-1.36555,-0.000220078,7.55101e-05
424,0.1,160.519,-55.0847,3.7004,,-1.36554,-0.000219052,7.51713e-05
425,0.1,160.889,-55.2212,3.70038,,-1.36553,-0.000218034,7.48348e-05
426,0.1,161.259,-55.3578,3.70036,,-1.36553,-0.000217023,7.45006e-05
427,0.1,161.629,-55.4943,3.70034,,-1.36552,-0.000216018,7.41685e-05
428,0.1,161.999,-55.6309,3.70032,,-1.36551,-0.000215021,7.38387e-05
429,0.1,162.369,-55.7674,3.7003,,-1.3655,-0.000214031,7.35111e-05
430,0.1,162.739,-55.904,3.70027,,-1.3655,-0.000213047,7.31856e-05
431,0.1,163.109,-56.0405,3.70025,,-1.36549,-0.00021207,7.28623e-05
432,0.1,163.479,-56.1771,3.70023,,-1.36548,-0.0002111,7.25412e-05
433,0.1,163.849,-56.3136,3.70021,,-1.36548,-0.000210137,7.22222e-05
434,0.1,164.219,-56.4502,3.70019,,-1.36547,-0.00020918,7.19052e-05
435,0.1,164.589,-56.5867,3.70017,,-1.36546,-0.000208229,7.15904e-05
436,0.1,164.959,-56.7232,3.70015,,-1.36545,-0.000207285,7.12776e-05
437,0.1,165.329,-56.8598,3.70013,,-1.36545,-0.000206348,7.09668e-05
438,0.1,165.699,-56.9963,3.70011,,-1.36544,-0.000205417,7.06581e-05
439,0.1,166.069,-57.1329,3.70009,,-1.36543,-0.000204492,7.03514e-05
440,0.1,166.439,-57.2694,3.70007,,-1.36543,-0.000203573,7.00466e-05
441,0.1,166.809,-57.406,3.70005,,-1.36542,-0.000202661,6.97439e-05
442,0.1,167.179,-57.5425,3.70003,,-1.36541,-0.000201754,6.94431e-05
443,0.1,167.549,-57.679,3.70001,,-1.3654,-0.000200854,6.91443e-05
444,0.1,167.919,-57.8156,3.69999,,-1.3654,-0.00019996,6.88473e-05
445,0.1,168.289,-57.9521,3.69997,,-1.36539,-0.000199072,6.85523e-05
446,0.1,168.659,-58.0887,3.69995,,-1.36538,-0.000198189,6.82592e-05
447,0.1,169.029,-58.2252,3.69993,,-1.36538,-0.000197313,6.79679e-05
448,0.1,169.399,-58.3617,3.69991,,-1.36537,-0.000196442,6.76785e-05
449,0.1,169.769,-58.4983,3.69989,,-1.36536,-0.000195577,6.7391e-05
450,0.1,170.139,-58.6348,3.69987,,-1.36536,-0.000194718,6.71053e-05
451,0.1,170.509,-58.7713,3.69985,,-1.36535,-0.000193864,6.68213e-05
452,0.1,170.879,-58.9079,3.69983,,-1.36534,-0.000193016,6.65392e-05
453,0.1,171.249,-59.0444,3.69981,,-1.36534,-0.000192174,6.62589e-05
454,0.1,171.619,-59.1809,3.69979,,-1.36533,-0.000191337,6.59803e-05
455,0.1,171.989,-59.3175,3.69977,,-1.36532,-0.000190505,6.57035e-05
456,0.1,172.359,-59.454,3.69975,,-1.36532,-0.000189679,6.54285e-05
457,0.1,172.729,-59.5905,3.69973,,-1.36531,-0.000188859,6.51551e-05
458,0.1,173.099,-59.7271,3.69971,,-1.3653,-0.000188043,6.48835e-05
459,0.1,173.469,-59.8636,3.69969,,-1.3653,-0.000187233,6.46135e-05
460,0.1,173.839,-60.0001,3.69968,,-1.36529,-0.000186428,6.43453e-05
461,0.1,174.209,-60.1367,3.69966,,-1.36528,-0.000185629,6.40787e-05
462,0.1,174.579,-60.2732,3.69964,,-1.36528,-0.000184834,6.38137e-05
463,0.1,174.949,-60.4097,3.69962,,-1.36527,-0.000184045,6.35504e-05
464,0.1,175.319,-60.5462,3.6996,,-1.36527,-0.00018326,6.32887e-05
465,0.1,175.689,-60.6828,3.69958,,-1.36526,-0.000182481,6.30286e-05
466,0.1,176.059,-60.8193,3.69957,,-1.36525,-0.000181706,6.27702e-05
467,0.1,176.429,-60.9558,3.69955,,-1.36525,-0.000180937,6.25133e-05
468,0.1,176.799,-61.0923,3.69953,,-1.36524,-0.000180172,6.2258e-05
469,0.1,177.169,-61.2289,3.69951,,-1.36523,-0.000179412,6.20042e-05
470,0.1,177.539,-61.3654,3.69949,,-1.36523,-0.000178657,6.1752e-05
471,0.1,177.909,-61.5019,3.69948,,-1.36522,-0.000177907,6.15014e-05
472,0.1,178.279,-61.6384,3.69946,,-1.36522,-0.000177162,6.12522e-05
473,0.1,178.649,-61.775,3.69944,,-1.36521,-0.000176421,6.10046e-05
474,0.1,179.018,-61.9115,3.69942,,-1.3652,-0.000175684,6.07584e-05
475,0.1,179.388,-62.048,3.6994,,-1.3652,-0.000174953,6.05138e-05
476,0.1,179.758,-62.1845,3.69939,,-1.36519,-0.000174226,6.02706e-05
477,0.1,180.128,-62.321,3.69937,,-1.36519,-0.000173503,6.00289e-05
478,0.1,180.498,-62.4575,3.69935,,-1.36518,-0.000172785,5.97886e-05
479,0.1,180.868,-62.5941,3.69933,,-1.36517,-0.000172072,5.95498e-05
480,0.1,181.238,-62.7306,3.69932,,-1.36517,-0.000171362,5.93124e-05
481,0.1,181.608,-62.8671,3.6993,,-1.36516,-0.000170658,5.90764e-05
482,0.1,181.978,-63.0036,3.69928,,-1.36516,-0.000169957,5.88418e-05
483,0.1,182.348,-63.1401,3.69927,,-1.36515,-0.000169261,5.86087e-05
484,0.1,182.718,-63.2766,3.69925,,-1.36514,-0.000168569,5.83769e-05
485,0.1,183.088,-63.4132,3.69923,,-1.36514,-0.000167882,5.81464e-05
486,0.1,183.458,-63.5497,3.69922,,-1.36513,-0.000167198,5.79174e-05
487,0.1,183.828,-63.6862,3.6992,,-1.36513,-0.000166519,5.76897e-05
488,0.1,184.197,-63.8227,3.69918,,-1.36512,-0.000165844,5.74633e-05
489,0.1,184.567,-63.9592,3.69917,,-1.36511,-0.000165173,5.72382e-05
490,0.1,184.937,-64.0957,3.69915,,-1.36511,-0.000164506,5.70145e-05
491,0.1,185.307,-64.2322,3.69913,,-1.3651,-0.000163843,5.67921e-05
492,0.1,185.677,-64.3687,3.69912,,-1.3651,-0.000163184,5.6571e-05
493,0.1,186.047,-64.5052,3.6991,,-1.36509,-0.000162529,5.63511e-05
494,0.1,186.417,-64.6418,3.69908,,-1.36509,-0.000161878,5.61326e-05
495,0.1,186.787,-64.7783,3.69907,,-1.36508,-0.000161231,5.59153e-05
496,0.1,187.157,-64.9148,3.69905,,-1.36508,-0.000160587,5.56993e-05
497,0.1,187.527,-65.0513,3.69904,,-1.36507,-0.000159948,5.54845e-05
498,0.1,187.897,-65.1878,3.69902,,-1.36506,-0.000159312,5.5271e-05
499,0.1,188.266,-65.3243,3.699,,-1.36506,-0.000158681,5.50587e-05
500,0.1,188.636,-65.4608,3.69899,,-1.36505,-0.000158053,5.48476e-05
501,0.1,189.006,-65.5973,3.69897,,-1.36505,-0.000157428,5.46377e-05
502,0.1,189.376,-65.7338,3.69896,,-1.36504,-0.000156808,5.4429e-05
503,0.1,189.746,-65.8703,3.69894,,-1.36504,-0.000156191,5.42215e-05
504,0.1,190.116,-66.0068,3.69892,,-1.36503,-0.000155577,5.40152e-05
505,0.1,190.486,-66.1433,3.69891,,-1.36503,-0.000154968,5.38101e-05
506,0.1,190.856,-66.2798,3.69889,,-1.36502,-0.000154361,5.36062e-05
507,0.1,191.226,-66.4163,3.69888,,-1.36502,-0.000153759,5.34034e-05
508,0.1,191.596,-66.5528,3.69886,,-1.36501,-0.00015316,5.32017e-05
509,0.1,191.965,-66.6893,3.69885,,-1.365,-0.000152564,5.30012e-05
510,0.1,192.335,-66.8258,3.69883,,-1.365,-0.000151972,5.28018e-05
511,0.1,192.705,-66.9623,3.69882,,-1.36499,-0.000151383,5.26036e-05
512,0.1,193.075,-67.0988,3.6988,,-1.36499,-0.000150798,5.24064e-05
513,0.1,193.445,-67.2353,3.69879,,-1.36498,-0.000150216,5.22104e-05
514,0.1,193.815,-67.3718,3.69877,,-1.36498,-0.000149638,5.20155e-05
515,0.1,194.185,-67.5083,3.69876,,-1.36497,-0.000149063,5.18216e-05
516,0.1,194.555,-67.6448,3.69874,,-1.36497,-0.000148491,5.16288e-05
517,0.1,194.924,-67.7813,3.69873,,-1.36496,-0.000147922,5.14371e-05
518,0.1,195.294,-67.9178,3.69871,,-1.36496,-0.000147357,5.12465e-05
519,0.1,195.664,-68.0543,3.6987,,-1.36495,-0.000146795,5.10569e-05
520,0.1,196.034,-68.1908,3.69868,,-1.36495,-0.000146236,5.08684e-05
521,0.1,196.404,-68.3273,3.69867,,-1.36494,-0.00014568,5.06809e-05
522,0.1,196.774,-68.4638,3.69865,,-1.36494,-0.000145128,5.04945e-05
523,0.1,197.144,-68.6003,3.69864,,-1.36493,-0.000144578,5.03091e-05
524,0.1,197.513,-68.7368,3.69862,,-1.36493,-0.000144032,5.01247e-05
525,0.1,197.883,-68.8733,3.69861,,-1.36492,-0.000143489,4.99413e-05
526,0.1,198.253,-69.0097,3.6986,,-1.36492,-0.000142949,4.97589e-05
527,0.1,198.623,-69.1462,3.69858,,-1.36491,-0.000142412,4.95775e-05
528,0.1,198.993,-69.2827,3.69857,,-1.36491,-0.000141878,4.93971e-05
529,0.1,199.363,-69.4192,3.69855,,-1.3649,-0.000141347,4.92177e-05
530,0.1,199.733,-69.5557,3.69854,,-1.3649,-0.000140819,4.90393e-05
531,0.1,200.102,-69.6922,3.69853,,-1.36489,-0.000140294,4.88618e-05
532,0.1,200.472,-69.8287,3.69851,,-1.36489,-0.000139771,4.86853e-05
533,0.1,200.842,-69.9652,3.6985,,-1.36488,-0.000139252,4.85097e-05
534,0.1,201.212,-70.1017,3.69848,,-1.36488,-0.000138736,4.83351e-05
535,0.1,201.582,-70.2381,3.69847,,-1.36487,-0.000138222,4.81615e-05
536,0.1,201.952,-70.3746,3.69846,,-1.36487,-0.000137712,4.79887e-05
537,0.1,202.322,-70.5111,3.69844,,-1.36486,-0.000137204,4.78169e-05
538,0.1,202.691,-70.6476,3.69843,,-1.36486,-0.000136699,4.7646e-05
539,0.1,203.061,-70.7841,3.69841,,-1.36485,-0.000136197,4.74761e-05
540,0.1,203.431,-70.9206,3.6984,,-1.36485,-0.000135697,4.7307e-05
541,0.1,203.801,-71.0571,3.69839,,-1.36484,-0.0001352,4.71388e-05
542,0.1,204.171,-71.1935,3.69837,,-1.36484,-0.000134706,4.69716e-05
543,0.1,204.541,-71.33,3.69836,,-1.36483,-0.000134215,4.68052e-05
544,0.1,204.91,-71.4665,3.69835,,-1.36483,-0.000133726,4.66397e-05
545,0.1,205.28,-71.603,3.69833,,-1.36483,-0.00013324,4.64751e-05
546,0.1,205.65,-71.7395,3.69832,,-1.36482,-0.000132757,4.63113e-05
547,0.1,206.02,-71.876,3.69831,,-1.36482,-0.000132277,4.61485e-05
548,0.1,206.39,-72.0124,3.69829,,-1.36481,-0.000131798,4.59864e-05
549,0.1,206.76,-72.1489,3.69828,,-1.36481,-0.000131323,4.58253e-05
550,0.1,207.129,-72.2854,3.69827,,-1.3648,-0.00013085,4.56649e-05
551,0.1,207.499,-72.4219,3.69825,,-1.3648,-0.00013038,4.55054e-05
552,0.1,207.869,-72.5584,3.69824,,-1.36479,-0.000129912,4.53468e-05
553,0.1,208.239,-72.6948,3.69823,,-1.36479,-0.000129447,4.51889e-05
554,0.1,208.609,-72.8313,3.69822,,-1.36478,-0.000128984,4.50319e-05
555,0.1,208.979,-72.9678,3.6982,,-1.36478,-0.000128523,4.48758e-05
556,0.1,209.348,-73.1043,3.69819,,-1.36478,-0.000128066,4.47204e-05
557,0.1,209.718,-73.2408,3.69818,,-1.36477,-0.00012761,4.45658e-05
558,0.1,210.088,-73.3772,3.69816,,-1.36477,-0.000127157,4.4412e-05
559,0.1,210.458,-73.5137,3.69815,,-1.36476,-0.000126706,4.42591e-05
560,0.1,210.828,-73.6502,3.69814,,-1.36476,-0.000126258,4.41069e-05
561,0.1,211.197,-73.7867,3.69813,,-1.36475,-0.000125812,4.39555e-05
562,0.1,211.567,-73.9231,3.69811,,-1.36475,-0.000125369,4.38048e-05
563,0.1,211.937,-74.0596,3.6981,,-1.36474,-0.000124928,4.3655e-05
564,0.1,212.307,-74.1961,3.69809,,-1.36474,-0.000124489,4.35059e-05
565,0.1,212.677,-74.3326,3.69808,,-1.36474,-0.000124053,4.33576e-05
566,0.1,213.046,-74.469,3.69806,,-1.36473,-0.000123618,4.321e-05
567,0.1,213.416,-74.6055,3.69805,,-1.36473,-0.000123186,4.30632e-05
568,0.1,213.786,-74.742,3.69804,,-1.36472,-0.000122757,4.29171e-05
569,0.1,214.156,-74.8784,3.69803,,-1.36472,-0.000122329,4.27718e-05
570,0.1,214.526,-75.0149,3.69801,,-1.36471,-0.000121904,4.26272e-05
571,0.1,214.895,-75.1514,3.698,,-1.36471,-0.000121481,4.24833e-05
572,0.1,215.265,-75.2879,3.69799,,-1.36471,-0.00012106,4.23402e-05
573,0.1,215.635,-75.4243,3.69798,,-1.3647,-0.000120642,4.21978e-05
574,0.1,216.005,-75.5608,3.69797,,-1.3647,-0.000120225,4.20561e-05
575,0.1,216.375,-75.6973,3.69795,,-1.36469,-0.000119811,4.19151e-05
576,0.1,216.744,-75.8337,3.69794,,-1.36469,-0.000119399,4.17749e-05
577,0.1,217.114,-75.9702,3.69793,,-1.36468,-0.000118989,4.16353e-05
578,0.1,217.484,-76.1067,3.69792,,-1.36468,-0.000118581,4.14964e-05
579,0.1,217.854,-76.2431,3.69791,,-1.36468,-0.000118175,4.13582e-05
580,0.1,218.224,-76.3796,3.69789,,-1.36467,-0.000117772,4.12207e-05
581,0.1,218.593,-76.5161,3.69788,,-1.36467,-0.00011737,4.10839e-05
582,0.1,218.963,-76.6525,3.69787,,-1.36466,-0.00011697,4.09478e-05
583,0.1,219.333,-76.789,3.69786,,-1.36466,-0.000116573,4.08124e-05
584,0.1,219.703,-76.9255,3.69785,,-1.36466,-0.000116177,4.06776e-05
585,0.1,220.073,-77.0619,3.69784,,-1.36465,-0.000115784,4.05435e-05
586,0.1,220.442,-77.1984,3.69782,,-1.36465,-0.000115392,4.041e-05
587,0.1,220.812,-77.3349,3.69781,,-1.36464,-0.000115003,4.02772e-05
588,0.1,221.182,-77.4713,3.6978,,-1.36464,-0.000114615,4.01451e-05
589,0.1,221.552,-77.6078,3.69779,,-1.36464,-0.000114229,4.00136e-05
590,0.1,221.921,-77.7443,3.69778,,-1.36463,-0.000113846,3.98828e-05
591,0.1,222.291,-77.8807,3.69777,,-1.36463,-0.000113464,3.97526e-05
592,0.1,222.661,-78.0172,3.69776,,-1.36462,-0.000113084,3.9623e-05
593,0.1,223.031,-78.1536,3.69774,,-1.36462,-0.000112706,3.94941e-05
594,0.1,223.401,-78.2901,3.69773,,-1.36462,-0.00011233,3.93658e-05
595,0.1,223.77,-78.4266,3.69772,,-1.36461,-0.000111956,3.92381e-05
596,0.1,224.14,-78.563,3.69771,,-1.36461,-0.000111584,3.9111e-05
597,0.1,224.51,-78.6995,3.6977,,-1.3646,-0.000111213,3.89846e-05
598,0.1,224.88,-78.8359,3.69769,,-1.3646,-0.000110845,3.88587e-05
599,0.1,225.249,-78.9724,3.69768,,-1.3646,-0.000110478,3.87335e-05
600,0.1,225.619,-79.1089,3.69767,,-1.36459,-0.000110113,3.86089e-05
601,0.1,225.989,-79.2453,3.69766,,-1.36459,-0.00010975,3.84849e-05
602,0.1,226.359,-79.3818,3.69764,,-1.36458,-0.000109388,3.83614e-05
603,0.1,226.728,-79.5182,3.69763,,-1.36458,-0.000109029,3.82386e-05
604,0.1,227.098,-79.6547,3.69762,,-1.36458,-0.000108671,3.81164e-05
605,0.1,227.468,-79.7912,3.69761,,-1.36457,-0.000108315,3.79947e-05
606,0.1,227.838,-79.9276,3.6976,,-1.36457,-0.000107961,3.78736e-05
607,0.1,228.208,-80.0641,3.69759,,-1.36457,-0.000107608,3.77531e-05
608,0.1,228.577,-80.2005,3.69758,,-1.36456,-0.000107257,3.76332e-05
609,0.1,228.947,-80.337,3.69757,,-1.36456,-0.000106908,3.75139e-05
610,0.1,229.317,-80.4734,3.69756,,-1.36455,-0.000106561,3.73951e-05
611,0.1,229.687,-80.6099,3.69755,,-1.36455,-0.000106215,3.72768e-05
612,0.1,230.056,-80.7463,3.69754,,-1.36455,-0.000105871,3.71592e-05
613,0.1,230.426,-80.8828,3.69753,,-1.36454,-0.000105529,3.70421e-05
614,0.1,230.796,-81.0193,3.69752,,-1.36454,-0.000105188,3.69255e-05
615,0.1,231.166,-81.1557,3.6975,,-1.36454,-0.000104849,3.68095e-05
616,0.1,231.535,-81.2922,3.69749,,-1.36453,-0.000104512,3.66941e-05
617,0.1,231.905,-81.4286,3.69748,,-1.36453,-0.000104176,3.65791e-05
618,0.1,232.275,-81.5651,3.69747,,-1.36452,-0.000103842,3.64648e-05
619,0.1,232.645,-81.7015,3.69746,,-1.36452,-0.000103509,3.63509e-05
620,0.1,233.014,-81.838,3.69745,,-1.36452,-0.000103178,3.62376e-05
621,0.1,233.384,-81.9744,3.69744,,-1.36451,-0.000102849,3.61248e-05
622,0.1,233.754,-82.1109,3.69743,,-1.36451,-0.000102521,3.60126e-05
623,0.1,234.124,-82.2473,3.69742,,-1.36451,-0.000102195,3.59008e-05
624,0.1,234.493,-82.3838,3.69741,,-1.3645,-0.00010187,3.57896e-05
625,0.1,234.863,-82.5202,3.6974,,-1.3645,-0.000101547,3.56789e-05
626,0.1,235.233,-82.6567,3.69739,,-1.3645,-0.000101225,3.55687e-05
627,0.1,235.602,-82.7931,3.69738,,-1.36449,-0.000100905,3.54591e-05
628,0.1,235.972,-82.9296,3.69737,,-1.36449,-0.000100586,3.53499e-05
629,0.1,236.342,-83.066,3.69736,,-1.36448,-0.000100269,3.52412e-05
630,0.1,236.712,-83.2025,3.69735,,-1.36448,-9.99538e-05,3.51331e-05
631,0.1,237.081,-83.3389,3.69734,,-1.36448,-9.96398e-05,3.50254e-05
632,0.1,237.451,-83.4754,3.69733,,-1.36447,-9.93272e-05,3.49182e-05
633,0.1,237.821,-83.6118,3.69732,,-1.36447,-9.9016e-05,3.48115e-05
634,0.1,238.191,-83.7483,3.69731,,-1.36447,-9.87064e-05,3.47053e-05
635,0.1,238.56,-83.8847,3.6973,,-1.36446,-9.83981e-05,3.45996e-05
636,0.1,238.93,-84.0211,3.69729,,-1.36446,-9.80914e-05,3.44944e-05
637,0.1,239.3,-84.1576,3.69728,,-1.36446,-9.7786e-05,3.43896e-05
638,0.1,239.67,-84.294,3.69727,,-1.36445,-9.74821e-05,3.42854e-05
639,0.1,240.039,-84.4305,3.69726,,-1.36445,-9.71796e-05,3.41816e-05
640,0.1,240.409,-84.5669,3.69725,,-1.36445,-9.68785e-05,3.40782e-05
641,0.1,240.779,-84.7034,3.69724,,-1.36444,-9.65788e-05,3.39754e-05
642,0.1,241.148,-84.8398,3.69723,,-1.36444,-9.62805e-05,3.3873e-05
643,0.1,241.518,-84.9763,3.69722,,-1.36444,-9.59836e-05,3.37711e-05
644,0.1,241.888,-85.1127,3.69721,,-1.36443,-9.5688e-05,3.36696e-05
645,0.1,242.258,-85.2491,3.6972,,-1.36443,-9.53938e-05,3.35686e-05
646,0.1,242.627,-85.3856,3.69719,,-1.36443,-9.5101e-05,3.3468e-05
647,0.1,242.997,-85.522,3.69719,,-1.36442,-9.48095e-05,3.33679e-05
648,0.1,243.367,-85.6585,3.69718,,-1.36442,-9.45193e-05,3.32682e-05
649,0.1,243.736,-85.7949,3.69717,,-1.36442,-9.42305e-05,3.3169e-05
650,0.1,244.106,-85.9314,3.69716,,-1.36441,-9.3943e-05,3.30702e-05
651,0.1,244.476,-86.0678,3.69715,,-1.36441,-9.36568e-05,3.29719e-05
652,0.1,244.846,-86.2042,3.69714,,-1.36441,-9.33719e-05,3.2874e-05
653,0.1,245.215,-86.3407,3.69713,,-1.3644,-9.30884e-05,3.27765e-05
654,0.1,245.585,-86.4771,3.69712,,-1.3644,-9.28061e-05,3.26795e-05
655,0.1,245.955,-86.6136,3.69711,,-1.3644,-9.25251e-05,3.25829e-05
656,0.1,246.324,-86.75,3.6971,,-1.36439,-9.22453e-05,3.24868e-05
657,0.1,246.694,-86.8864,3.69709,,-1.36439,-9.19669e-05,3.2391e-05
658,0.1,247.064,-87.0229,3.69708,,-1.36439,-9.16897e-05,3.22957e-05
659,0.1,247.434,-87.1593,3.69707,,-1.36438,-9.14137e-05,3.22008e-05
660,0.1,247.803,-87.2958,3.69706,,-1.36438,-9.1139e-05,3.21063e-05
661,0.1,248.173,-87.4322,3.69705,,-1.36438,-9.08655e-05,3.20122e-05
662,0.1,248.543,-87.5686,3.69705,,-1.36437,-9.05933e-05,3.19186e-05
663,0.1,248.912,-87.7051,3.69704,,-1.36437,-9.03223e-05,3.18253e-05
664,0.1,249.282,-87.8415,3.69703,,-1.36437,-9.00525e-05,3.17325e-05
665,0.1,249.652,-87.9779,3.69702,,-1.36436,-8.97839e-05,3.16401e-05
666,0.1,250.022,-88.1144,3.69701,,-1.36436,-8.95165e-05,3.1548e-05
667,0.1,250.391,-88.2508,3.697,,-1.36436,-8.92502e-05,3.14564e-05
668,0.1,250.761,-88.3872,3.69699,,-1.36436,-8.89852e-05,3.13652e-05
669,0.1,251.131,-88.5237,3.69698,,-1.36435,-8.87214e-05,3.12743e-05
670,0.1,251.5,-88.6601,3.69697,,-1.36435,-8.84587e-05,3.11839e-05
671,0.1,251.87,-88.7965,3.69697,,-1.36435,-8.81972e-05,3.10939e-05
672,0.1,252.24,-88.933,3.69696,,-1.36434,-8.79369e-05,3.10042e-05
673,0.1,252.609,-89.0694,3.69695,,-1.36434,-8.76777e-05,3.09149e-05
674,0.1,252.979,-89.2059,3.69694,,-1.36434,-8.74196e-05,3.0826e-05
675,0.1,253.349,-89.3423,3.69693,,-1.36433,-8.71627e-05,3.07375e-05
676,0.1,253.718,-89.4787,3.69692,,-1.36433,-8.6907e-05,3.06494e-05
677,0.1,254.088,-89.6151,3.69691,,-1.36433,-8.66523e-05,3.05617e-05
678,0.1,254.458,-89.7516,3.6969,,-1.36432,-8.63988e-05,3.04743e-05
679,0.1,254.828,-89.888,3.6969,,-1.36432,-8.61463e-05,3.03873e-05
680,0.1,255.197,-90.0244,3.69689,,-1.36432,-8.5895e-05,3.03007e-05
681,0.1,255.567,-90.1609,3.69688,,-1.36432,-8.56448e-05,3.02144e-05
682,0.1,255.937,-90.2973,3.69687,,-1.36431,-8.53957e-05,3.01286e-05
683,0.1,256.306,-90.4337,3.69686,,-1.36431,-8.51476e-05,3.0043e-05
684,0.1,256.676,-90.5702,3.69685,,-1.36431,-8.49007e-05,2.99579e-05
685,0.1,257.046,-90.7066,3.69684,,-1.3643,-8.46548e-05,2.98731e-05
686,0.1,257.415,-90.843,3.69684,,-1.3643,-8.441e-05,2.97887e-05
687,0.1,257.785,-90.9795,3.69683,,-1.3643,-8.41662e-05,2.97046e-05
688,0.1,258.155,-91.1159,3.69682,,-1.36429,-8.39235e-05,2.96209e-05
689,0.1,258.524,-91.2523,3.69681,,-1.36429,-8.36818e-05,2.95375e-05
690,0.1,258.894,-91.3887,3.6968,,-1.36429,-8.34412e-05,2.94545e-05
691,0.1,259.264,-91.5252,3.69679,,-1.36429,-8.32016e-05,2.93718e-05
692,0.1,259.633,-91.6616,3.69679,,-1.36428,-8.29631e-05,2.92895e-05
693,0.1,260.003,-91.798,3.69678,,-1.36428,-8.27256e-05,2.92075e-05
694,0.1,260.373,-91.9345,3.69677,,-1.36428,-8.24891e-05,2.91259e-05
695,0.1,260.742,-92.0709,3.69676,,-1.36427,-8.22536e-05,2.90446e-05
696,0.1,261.112,-92.2073,3.69675,,-1.36427,-8.20191e-05,2.89637e-05
697,0.1,261.482,-92.3437,3.69674,,-1.36427,-8.17856e-05,2.8883e-05
698,0.1,261.851,-92.4802,3.69674,,-1.36426,-8.15531e-05,2.88028e-05
699,0.1,262.221,-92.6166,3.69673,,-1.36426,-8.13216e-05,2.87228e-05
700,0.1,262.591,-92.753,3.69672,,-1.36426,-8.10911e-05,2.86432e-05
701,0.1,262.96,-92.8894,3.69671,,-1.36426,-8.08616e-05,2.85639e-05
702,0.1,263.33,-93.0259,3.6967,,-1.36425,-8.0633e-05,2.8485e-05
703,0.1,263.7,-93.1623,3.6967,,-1.36425,-8.04054e-05,2.84064e-05
704,0.1,264.07,-93.2987,3.69669,,-1.36425,-8.01788e-05,2.83281e-05
705,0.1,264.439,-93.4351,3.69668,,-1.36424,-7.99532e-05,2.82501e-05
706,0.1,264.809,-93.5716,3.69667,,-1.36424,-7.97284e-05,2.81725e-05
707,0.1,265.179,-93.708,3.69666,,-1.36424,-7.95047e-05,2.80951e-05
708,0.1,265.548,-93.8444,3.69666,,-1.36424,-7.92818e-05,2.80181e-05
709,0.1,265.918,-93.9808,3.69665,,-1.36423,-7.90599e-05,2.79414e-05
710,0.1,266.288,-94.1173,3.69664,,-1.36423,-7.8839e-05,2.7865e-05
711,0.1,266.657,-94.2537,3.69663,,-1.36423,-7.86189e-05,2.7789e-05
712,0.1,267.027,-94.3901,3.69662,,-1.36423,-7.83998e-05,2.77132e-05
713,0.1,267.396,-94.5265,3.69662,,-1.36422,-7.81816e-05,2.76377e-05
714,0.1,267.766,-94.663,3.69661,,-1.36422,-7.79643e-05,2.75626e-05
715,0.1,268.136,-94.7994,3.6966,,-1.36422,-7.77479e-05,2.74878e-05
716,0.1,268.505,-94.9358,3.69659,,-1.36421,-7.75324e-05,2.74132e-05
717,0.1,268.875,-95.0722,3.69658,,-1.36421,-7.73179e-05,2.7339e-05
718,0.1,269.245,-95.2086,3.69658,,-1.36421,-7.71042e-05,2.72651e-05
719,0.1,269.614,-95.3451,3.69657,,-1.36421,-7.68913e-05,2.71915e-05
720,0.1,269.984,-95.4815,3.69656,,-1.3642,-7.66794e-05,2.71181e-05
721,0.1,270.354,-95.6179,3.69655,,-1.3642,-7.64683e-05,2.70451e-05
722,0.1,270.723,-95.7543,3.69655,,-1.3642,-7.62581e-05,2.69723e-05
723,0.1,271.093,-95.8907,3.69654,,-1.3642,-7.60488e-05,2.68999e-05
724,0.1,271.463,-96.0272,3.69653,,-1.36419,-7.58404e-05,2.68277e-05
725,0.1,271.832,-96.1636,3.69652,,-1.36419,-7.56327e-05,2.67559e-05
726,0.1,272.202,-96.3,3.69652,,-1.36419,-7.5426e-05,2.66843e-05
727,0.1,272.572,-96.4364,3.69651,,-1.36418,-7.52201e-05,2.6613e-05
728,0.1,272.941,-96.5728,3.6965,,-1.36418,-7.5015e-05,2.6542e-05
729,0.1,273.311,-96.7092,3.69649,,-1.36418,-7.48108e-05,2.64713e-05
730,0.1,273.681,-96.8457,3.69649,,-1.36418,-7.46074e-05,2.64009e-05
731,0.1,274.05,-96.9821,3.69648,,-1.36417,-7.44048e-05,2.63307e-05
732,0.1,274.42,-97.1185,3.69647,,-1.36417,-7.42031e-05,2.62608e-05
733,0.1,274.79,-97.2549,3.69646,,-1.36417,-7.40021e-05,2.61912e-05
734,0.1,275.159,-97.3913,3.69646,,-1.36417,-7.3802e-05,2.61219e-05
735,0.1,275.529,-97.5278,3.69645,,-1.36416,-7.36027e-05,2.60528e-05
736,0.1,275.898,-97.6642,3.69644,,-1.36416,-7.34043e-05,2.59841e-05
737,0.1,276.268,-97.8006,3.69643,,-1.36416,-7.32066e-05,2.59156e-05
738,0.1,276.638,-97.937,3.69643,,-1.36416,-7.30097e-05,2.58473e-05
739,0.1,277.007,-98.0734,3.69642,,-1.36415,-7.28136e-05,2.57794e-05
740,0.1,277.377,-98.2098,3.69641,,-1.36415,-7.26183e-05,2.57117e-05
741,0.1,277.747,-98.3462,3.69641,,-1.36415,-7.24237e-05,2.56442e-05
742,0.1,278.116,-98.4827,3.6964,,-1.36415,-7.223e-05,2.55771e-05
743,0.1,278.486,-98.6191,3.69639,,-1.36414,-7.2037e-05,2.55102e-05
744,0.1,278.856,-98.7555,3.69638,,-1.36414,-7.18448e-05,2.54435e-05
745,0.1,279.225,-98.8919,3.69638,,-1.36414,-7.16534e-05,2.53772e-05
746,0.1,279.595,-99.0283,3.69637,,-1.36414,-7.14628e-05,2.5311e-05
747,0.1,279.965,-99.1647,3.69636,,-1.36413,-7.12729e-05,2.52452e-05
748,0.1,280.334,-99.3011,3.69635,,-1.36413,-7.10837e-05,2.51796e-05
749,0.1,280.704,-99.4376,3.69635,,-1.36413,-7.08953e-05,2.51142e-05
750,0.1,281.073,-99.574,3.69634,,-1.36412,-7.07077e-05,2.50491e-05
751,0.1,281.443,-99.7104,3.69633,,-1.36412,-7.05208e-05,2.49843e-05
752,0.1,281.813,-99.8468,3.69633,,-1.36412,-7.03346e-05,2.49197e-05
753,0.1,282.182,-99.9832,3.69632,,-1.36412,-7.01492e-05,2.48554e-05
754,0.1,282.552,-100.12,3.69631,,-1.36411,-6.99645e-05,2.47913e-05
755,0.1,282.922,-100.256,3.69631,,-1.36411,-6.97805e-05,2.47274e-05
756,0.1,283.291,-100.392,3.6963,,-1.36411,-6.95973e-05,2.46638e-05
757,0.1,283.661,-100.529,3.69629,,-1.36411,-6.94148e-05,2.46005e-05
758,0.1,284.03,-100.665,3.69628,,-1.36411,-6.9233e-05,2.45374e-05
759,0.1,284.4,-100.802,3.69628,,-1.3641,-6.90519e-05,2.44745e-05
760,0.1,284.77,-100.938,3.69627,,-1.3641,-6.88715e-05,2.44119e-05
761,0.1,285.139,-101.074,3.69626,,-1.3641,-6.86919e-05,2.43495e-05
762,0.1,285.509,-101.211,3.69626,,-1.3641,-6.85129e-05,2.42873e-05
763,0.1,285.879,-101.347,3.69625,,-1.36409,-6.83346e-05,2.42254e-05
764,0.1,286.248,-101.484,3.69624,,-1.36409,-6.81571e-05,2.41638e-05
765,0.1,286.618,-101.62,3.69624,,-1.36409,-6.79802e-05,2.41023e-05
766,0.1,286.987,-101.757,3.69623,,-1.36409,-6.7804e-05,2.40411e-05
767,0.1,287.357,-101.893,3.69622,,-1.36408,-6.76285e-05,2.39801e-05
768,0.1,287.727,-102.029,3.69622,,-1.36408,-6.74537e-05,2.39194e-05
769,0.1,288.096,-102.166,3.69621,,-1.36408,-6.72795e-05,2.38589e-05
770,0.1,288.466,-102.302,3.6962,,-1.36408,-6.7106e-05,2.37986e-05
771,0.1,288.836,-102.439,3.6962,,-1.36407,-6.69332e-05,2.37386e-05
772,0.1,289.205,-102.575,3.69619,,-1.36407,-6.67611e-05,2.36787e-05
773,0.1,289.575,-102.711,3.69618,,-1.36407,-6.65896e-05,2.36192e-05
774,0.1,289.944,-102.848,3.69618,,-1.36407,-6.64188e-05,2.35598e-05
775,0.1,290.314,-102.984,3.69617,,-1.36406,-6.62486e-05,2.35006e-05
776,0.1,290.684,-103.121,3.69616,,-1.36406,-6.60791e-05,2.34417e-05
777,0.1,291.053,-103.257,3.69616,,-1.36406,-6.59103e-05,2.3383e-05
778,0.1,291.423,-103.393,3.69615,,-1.36406,-6.57421e-05,2.33245e-05
779,0.1,291.793,-103.53,3.69614,,-1.36405,-6.55745e-05,2.32662e-05
780,0.1,292.162,-103.666,3.69614,,-1.36405,-6.54076e-05,2.32082e-05
781,0.1,292.532,-103.803,3.69613,,-1.36405,-6.52413e-05,2.31504e-05
782,0.1,292.901,-103.939,3.69612,,-1.36405,-6.50756e-05,2.30928e-05
783,0.1,293.271,-104.075,3.69612,,-1.36405,-6.49106e-05,2.30354e-05
784,0.1,293.641,-104.212,3.69611,,-1.36404,-6.47462e-05,2.29782e-05
785,0.1,294.01,-104.348,3.6961,,-1.36404,-6.45824e-05,2.29212e-05
786,0.1,294.38,-104.485,3.6961,,-1.36404,-6.44193e-05,2.28644e-05
787,0.1,294.749,-104.621,3.69609,,-1.36404,-6.42568e-05,2.28079e-05
788,0.1,295.119,-104.757,3.69608,,-1.36403,-6.40948e-05,2.27515e-05
789,0.1,295.489,-104.894,3.69608,,-1.36403,-6.39335e-05,2.26954e-05
790,0.1,295.858,-105.03,3.69607,,-1.36403,-6.37728e-05,2.26395e-05
791,0.1,296.228,-105.167,3.69607,,-1.36403,-6.36127e-05,2.25838e-05
792,0.1,296.597,-105.303,3.69606,,-1.36403,-6.34532e-05,2.25282e-05
793,0.1,296.967,-105.439,3.69605,,-1.36402,-6.32943e-05,2.24729e-05
794,0.1,297.337,-105.576,3.69605,,-1.36402,-6.3136e-05,2.24178e-05
795,0.1,297.706,-105.712,3.69604,,-1.36402,-6.29783e-05,2.23629e-05
796,0.1,298.076,-105.849,3.69603,,-1.36402,-6.28212e-05,2.23082e-05
797,0.1,298.445,-105.985,3.69603,,-1.36401,-6.26647e-05,2.22537e-05
798,0.1,298.815,-106.121,3.69602,,-1.36401,-6.25088e-05,2.21994e-05
799,0.1,299.185,-106.258,3.69601,,-1.36401,-6.23534e-05,2.21453e-05
800,0.1,299.554,-106.394,3.69601,,-1.36401,-6.21986e-05,2.20914e-05
801,0.1,299.924,-106.531,3.696,,-1.364,-6.20444e-05,2.20377e-05
802,0.1,300.293,-106.667,3.696,,-1.364,-6.18908e-05,2.19842e-05
803,0.1,300.663,-106.803,3.69599,,-1.364,-6.17377e-05,2.19309e-05
804,0.1,301.033,-106.94,3.69598,,-1.364,-6.15852e-05,2.18777e-05
805,0.1,301.402,-107.076,3.69598,,-1.364,-6.14333e-05,2.18248e-05
806,0.1,301.772,-107.213,3.69597,,-1.36399,-6.12819e-05,2.17721e-05
807,0.1,302.141,-107.349,3.69597,,-1.36399,-6.11311e-05,2.17195e-05
808,0.1,302.511,-107.485,3.69596,,-1.36399,-6.09809e-05,2.16672e-05
809,0.1,302.881,-107.622,3.69595,,-1.36399,-6.08312e-05,2.1615e-05
810,0.1,303.25,-107.758,3.69595,,-1.36399,-6.0682e-05,2.1563e-05
811,0.1,303.62,-107.895,3.69594,,-1.36398,-6.05334e-05,2.15112e-05
812,0.1,303.989,-108.031,3.69593,,-1.36398,-6.03853e-05,2.14596e-05
813,0.1,304.359,-108.167,3.69593,,-1.36398,-6.02378e-05,2.14082e-05
814,0.1,304.729,-108.304,3.69592,,-1.36398,-6.00909e-05,2.13569e-05
815,0.1,305.098,-108.44,3.69592,,-1.36397,-5.99444e-05,2.13059e-05
816,0.1,305.468,-108.577,3.69591,,-1.36397,-5.97985e-05,2.1255e-05
817,0.1,305.837,-108.713,3.6959,,-1.36397,-5.96532e-05,2.12043e-05
818,0.1,306.207,-108.849,3.6959,,-1.36397,-5.95083e-05,2.11538e-05
819,0.1,306.577,-108.986,3.69589,,-1.36397,-5.9364e-05,2.11035e-05
820,0.1,306.946,-109.122,3.69589,,-1.36396,-5.92202e-05,2.10533e-05
821,0.1,307.316,-109.259,3.69588,,-1.36396,-5.9077e-05,2.10034e-05
822,0.1,307.685,-109.395,3.69588,,-1.36396,-5.89342e-05,2.09536e-05
823,0.1,308.055,-109.531,3.69587,,-1.36396,-5.8792e-05,2.0904e-05
824,0.1,308.425,-109.668,3.69586,,-1.36396,-5.86503e-05,2.08545e-05
825,0.1,308.794,-109.804,3.69586,,-1.36395,-5.85091e-05,2.08053e-05
826,0.1,309.164,-109.941,3.69585,,-1.36395,-5.83684e-05,2.07562e-05
827,0.1,309.533,-110.077,3.69585,,-1.36395,-5.82282e-05,2.07073e-05
828,0.1,309.903,-110.213,3.69584,,-1.36395,-5.80885e-05,2.06585e-05
829,0.1,310.272,-110.35,3.69583,,-1.36395,-5.79493e-05,2.06099e-05
830,0.1,310.642,-110.486,3.69583,,-1.36394,-5.78106e-05,2.05615e-05
831,0.1,311.012,-110.623,3.69582,,-1.36394,-5.76725e-05,2.05133e-05
832,0.1,311.381,-110.759,3.69582,,-1.36394,-5.75348e-05,2.04652e-05
833,0.1,311.751,-110.895,3.69581,,-1.36394,-5.73976e-05,2.04174e-05
834,0.1,312.12,-111.032,3.69581,,-1.36393,-5.72609e-05,2.03696e-05
835,0.1,312.49,-111.168,3.6958,,-1.36393,-5.71247e-05,2.03221e-05
836,0.1,312.86,-111.305,3.69579,,-1.36393,-5.69889e-05,2.02747e-05
837,0.1,313.229,-111.441,3.69579,,-1.36393,-5.68537e-05,2.02275e-05
838,0.1,313.599,-111.577,3.69578,,-1.36393,-5.67189e-05,2.01804e-05
839,0.1,313.968,-111.714,3.69578,,-1.36392,-5.65846e-05,2.01335e-05
840,0.1,314.338,-111.85,3.69577,,-1.36392,-5.64508e-05,2.00868e-05
841,0.1,314.707,-111.987,3.69577,,-1.36392,-5.63175e-05,2.00402e-05
842,0.1,315.077,-112.123,3.69576,,-1.36392,-5.61846e-05,1.99938e-05
843,0.1,315.447,-112.259,3.69575,,-1.36392,-5.60522e-05,1.99475e-05
844,0.1,315.816,-112.396,3.69575,,-1.36391,-5.59203e-05,1.99015e-05
845,0.1,316.186,-112.532,3.69574,,-1.36391,-5.57888e-05,1.98555e-05
846,0.1,316.555,-112.668,3.69574,,-1.36391,-5.56578e-05,1.98098e-05
847,0.1,316.925,-112.805,3.69573,,-1.36391,-5.55273e-05,1.97641e-05
848,0.1,317.294,-112.941,3.69573,,-1.36391,-5.53972e-05,1.97187e-05
849,0.1,317.664,-113.078,3.69572,,-1.3639,-5.52676e-05,1.96734e-05
850,0.1,318.034,-113.214,3.69572,,-1.3639,-5.51384e-05,1.96283e-05
851,0.1,318.403,-113.35,3.69571,,-1.3639,-5.50097e-05,1.95833e-05
852,0.1,318.773,-113.487,3.6957,,-1.3639,-5.48814e-05,1.95384e-05
853,0.1,319.142,-113.623,3.6957,,-1.3639,-5.47536e-05,1.94938e-05
854,0.1,319.512,-113.76,3.69569,,-1.3639,-5.46263e-05,1.94492e-05
855,0.1,319.881,-113.896,3.69569,,-1.36389,-5.44993e-05,1.94049e-05
856,0.1,320.251,-114.032,3.69568,,-1.36389,-5.43728e-05,1.93606e-05
857,0.1,320.621,-114.169,3.69568,,-1.36389,-5.42468e-05,1.93166e-05
858,0.1,320.99,-114.305,3.69567,,-1.36389,-5.41212e-05,1.92727e-05
859,0.1,321.36,-114.442,3.69567,,-1.36389,-5.3996e-05,1.92289e-05
860,0.1,321.729,-114.578,3.69566,,-1.36388,-5.38713e-05,1.91853e-05
861,0.1,322.099,-114.714,3.69566,,-1.36388,-5.3747e-05,1.91418e-05
862,0.1,322.468,-114.851,3.69565,,-1.36388,-5.36231e-05,1.90985e-05
863,0.1,322.838,-114.987,3.69564,,-1.36388,-5.34997e-05,1.90553e-05
864,0.1,323.208,-115.123,3.69564,,-1.36388,-5.33766e-05,1.90123e-05
865,0.1,323.577,-115.26,3.69563,,-1.36387,-5.3254e-05,1.89694e-05
866,0.1,323.947,-115.396,3.69563,,-1.36387,-5.31319e-05,1.89266e-05
867,0.1,324.316,-115.533,3.69562,,-1.36387,-5.30101e-05,1.8884e-05
868,0.1,324.686,-115.669,3.69562,,-1.36387,-5.28888e-05,1.88416e-05
869,0.1,325.055,-115.805,3.69561,,-1.36387,-5.27679e-05,1.87993e-05
870,0.1,325.425,-115.942,3.69561,,-1.36386,-5.26473e-05,1.87571e-05
871,0.1,325.794,-116.078,3.6956,,-1.36386,-5.25273e-05,1.87151e-05
872,0.1,326.164,-116.215,3.6956,,-1.36386,-5.24076e-05,1.86732e-05
873,0.1,326.534,-116.351,3.69559,,-1.36386,-5.22883e-05,1.86315e-05
874,0.1,326.903,-116.487,3.69559,,-1.36386,-5.21694e-05,1.85898e-05
875,0.1,327.273,-116.624,3.69558,,-1.36386,-5.2051e-05,1.85484e-05
876,0.1,327.642,-116.76,3.69558,,-1.36385,-5.19329e-05,1.85071e-05
877,0.1,328.012,-116.897,3.69557,,-1.36385,-5.18153e-05,1.84659e-05
878,0.1,328.381,-117.033,3.69557,,-1.36385,-5.1698e-05,1.84248e-05
879,0.1,328.751,-117.169,3.69556,,-1.36385,-5.15811e-05,1.83839e-05
880,0.1,329.12,-117.306,3.69556,,-1.36385,-5.14647e-05,1.83431e-05
881,0.1,329.49,-117.442,3.69555,,-1.36384,-5.13486e-05,1.83025e-05
882,0.1,329.86,-117.578,3.69555,,-1.36384,-5.12329e-05,1.8262e-05
883,0.1,330.229,-117.715,3.69554,,-1.36384,-5.11176e-05,1.82216e-05
884,0.1,330.599,-117.851,3.69553,,-1.36384,-5.10027e-05,1.81814e-05
885,0.1,330.968,-117.988,3.69553,,-1.36384,-5.08882e-05,1.81413e-05
886,0.1,331.338,-118.124,3.69552,,-1.36384,-5.07741e-05,1.81013e-05
887,0.1,331.707,-118.26,3.69552,,-1.36383,-5.06604e-05,1.80614e-05
888,0.1,332.077,-118.397,3.69551,,-1.36383,-5.0547e-05,1.80217e-05
889,0.1,332.446,-118.533,3.69551,,-1.36383,-5.0434e-05,1.79821e-05
890,0.1,332.816,-118.67,3.6955,,-1.36383,-5.03214e-05,1.79427e-05
891,0.1,333.186,-118.806,3.6955,,-1.36383,-5.02092e-05,1.79034e-05
892,0.1,333.555,-118.942,3.69549,,-1.36382,-5.00973e-05,1.78642e-05
893,0.1,333.925,-119.079,3.69549,,-1.36382,-4.99859e-05,1.78251e-05
894,0.1,334.294,-119.215,3.69548,,-1.36382,-4.98748e-05,1.77862e-05
895,0.1,334.664,-119.351,3.69548,,-1.36382,-4.9764e-05,1.77474e-05
896,0.1,335.033,-119.488,3.69547,,-1.36382,-4.96536e-05,1.77087e-05
897,0.1,335.403,-119.624,3.69547,,-1.36382,-4.95436e-05,1.76702e-05
898,0.1,335.772,-119.761,3.69546,,-1.36381,-4.9434e-05,1.76317e-05
899,0.1,336.142,-119.897,3.69546,,-1.36381,-4.93247e-05,1.75934e-05
900,0.1,336.511,-120.033,3.69545,,-1.36381,-4.92158e-05,1.75552e-05
901,0.1,336.881,-120.17,3.69545,,-1.36381,-4.91073e-05,1.75172e-05
902,0.1,337.251,-120.306,3.69544,,-1.36381,-4.89991e-05,1.74793e-05
903,0.1,337.62,-120.442,3.69544,,-1.3638,-4.88913e-05,1.74415e-05
904,0.1,337.99,-120.579,3.69544,,-1.3638,-4.87838e-05,1.74038e-05
905,0.1,338.359,-120.715,3.69543,,-1.3638,-4.86767e-05,1.73662e-05
906,0.1,338.729,-120.852,3.69543,,-1.3638,-4.85699e-05,1.73288e-05
907,0.1,339.098,-120.988,3.69542,,-1.3638,-4.84635e-05,1.72914e-05
908,0.1,339.468,-121.124,3.69542,,-1.3638,-4.83574e-05,1.72542e-05
909,0.1,339.837,-121.261,3.69541,,-1.36379,-4.82517e-05,1.72172e-05
910,0.1,340.207,-121.397,3.69541,,-1.36379,-4.81463e-05,1.71802e-05
911,0.1,340.576,-121.534,3.6954,,-1.36379,-4.80413e-05,1.71434e-05
912,0.1,340.946,-121.67,3.6954,,-1.36379,-4.79366e-05,1.71066e-05
913,0.1,341.316,-121.806,3.69539,,-1.36379,-4.78323e-05,1.707e-05
914,0.1,341.685,-121.943,3.69539,,-1.36379,-4.77283e-05,1.70335e-05
915,0.1,342.055,-122.079,3.69538,,-1.36378,-4.76246e-05,1.69972e-05
916,0.1,342.424,-122.215,3.69538,,-1.36378,-4.75213e-05,1.69609e-05
917,0.1,342.794,-122.352,3.69537,,-1.36378,-4.74183e-05,1.69248e-05
918,0.1,343.163,-122.488,3.69537,,-1.36378,-4.73156e-05,1.68888e-05
919,0.1,343.533,-122.625,3.69536,,-1.36378,-4.72133e-05,1.68529e-05
920,0.1,343.902,-122.761,3.69536,,-1.36378,-4.71113e-05,1.68171e-05
921,0.1,344.272,-122.897,3.69535,,-1.36377,-4.70096e-05,1.67814e-05
922,0.1,344.641,-123.034,3.69535,,-1.36377,-4.69083e-05,1.67458e-05
923,0.1,345.011,-123.17,3.69534,,-1.36377,-4.68073e-05,1.67104e-05
924,0.1,345.38,-123.306,3.69534,,-1.36377,-4.67066e-05,1.6675e-05
925,0.1,345.75,-123.443,3.69533,,-1.36377,-4.66063e-05,1.66398e-05
926,0.1,346.119,-123.579,3.69533,,-1.36377,-4.65062e-05,1.66047e-05
927,0.1,346.489,-123.716,3.69533,,-1.36376,-4.64065e-05,1.65697e-05
928,0.1,346.859,-123.852,3.69532,,-1.36376,-4.63071e-05,1.65348e-05
929,0.1,347.228,-123.988,3.69532,,-1.36376,-4.62081e-05,1.65e-05
930,0.1,347.598,-124.125,3.69531,,-1.36376,-4.61093e-05,1.64653e-05
931,0.1,347.967,-124.261,3.69531,,-1.36376,-4.60109e-05,1.64307e-05
932,0.1,348.337,-124.397,3.6953,,-1.36376,-4.59127e-05,1.63963e-05
933,0.1,348.706,-124.534,3.6953,,-1.36375,-4.58149e-05,1.63619e-05
934,0.1,349.076,-124.67,3.69529,,-1.36375,-4.57174e-05,1.63277e-05
935,0.1,349.445,-124.807,3.69529,,-1.36375,-4.56203e-05,1.62936e-05
936,0.1,349.815,-124.943,3.69528,,-1.36375,-4.55234e-05,1.62595e-05
937,0.1,350.184,-125.079,3.69528,,-1.36375,-4.54268e-05,1.62256e-05
938,0.1,350.554,-125.216,3.69527,,-1.36375,-4.53306e-05,1.61918e-05
939,0.1,350.923,-125.352,3.69527,,-1.36374,-4.52346e-05,1.61581e-05
940,0.1,351.293,-125.488,3.69527,,-1.36374,-4.5139e-05,1.61245e-05
941,0.1,351.662,-125.625,3.69526,,-1.36374,-4.50436e-05,1.6091e-05
942,0.1,352.032,-125.761,3.69526,,-1.36374,-4.49486e-05,1.60576e-05
943,0.1,352.401,-125.898,3.69525,,-1.36374,-4.48538e-05,1.60243e-05
944,0.1,352.771,-126.034,3.69525,,-1.36374,-4.47594e-05,1.59911e-05
945,0.1,353.141,-126.17,3.69524,,-1.36373,-4.46652e-05,1.5958e-05
946,0.1,353.51,-126.307,3.69524,,-1.36373,-4.45714e-05,1.5925e-05
947,0.1,353.88,-126.443,3.69523,,-1.36373,-4.44778e-05,1.58922e-05
948,0.1,354.249,-126.579,3.69523,,-1.36373,-4.43846e-05,1.58594e-05
949,0.1,354.619,-126.716,3.69523,,-1.36373,-4.42916e-05,1.58267e-05
950,0.1,354.988,-126.852,3.69522,,-1.36373,-4.41989e-05,1.57941e-05
951,0.1,355.358,-126.989,3.69522,,-1.36373,-4.41065e-05,1.57617e-05
952,0.1,355.727,-127.125,3.69521,,-1.36372,-4.40144e-05,1.57293e-05
953,0.1,356.097,-127.261,3.69521,,-1.36372,-4.39226e-05,1.5697e-05
954,0.1,356.466,-127.398,3.6952,,-1.36372,-4.38311e-05,1.56648e-05
955,0.1,356.836,-127.534,3.6952,,-1.36372,-4.37399e-05,1.56327e-05
956,0.1,357.205,-127.67,3.69519,,-1.36372,-4.36489e-05,1.56008e-05
957,0.1,357.575,-127.807,3.69519,,-1.36372,-4.35583e-05,1.55689e-05
958,0.1,357.944,-127.943,3.69519,,-1.36371,-4.34679e-05,1.55371e-05
959,0.1,358.314,-128.08,3.69518,,-1.36371,-4.33778e-05,1.55054e-05
960,0.1,358.683,-128.216,3.69518,,-1.36371,-4.3288e-05,1.54738e-05
961,0.1,359.053,-128.352,3.69517,,-1.36371,-4.31984e-05,1.54423e-05
962,0.1,359.422,-128.489,3.69517,,-1.36371,-4.31092e-05,1.54109e-05
963,0.1,359.792,-128.625,3.69516,,-1.36371,-4.30202e-05,1.53796e-05
964,0.1,360.161,-128.761,3.69516,,-1.3637,-4.29315e-05,1.53484e-05
965,0.1,360.531,-128.898,3.69516,,-1.3637,-4.2843e-05,1.53173e-05
966,0.1,360.9,-129.034,3.69515,,-1.3637,-4.27548e-05,1.52863e-05
967,0.1,361.27,-129.17,3.69515,,-1.3637,-4.2667e-05,1.52554e-05
968,0.1,361.639,-129.307,3.69514,,-1.3637,-4.25793e-05,1.52246e-05
969,0.1,362.009,-129.443,3.69514,,-1.3637,-4.2492e-05,1.51938e-05
970,0.1,362.378,-129.58,3.69513,,-1.3637,-4.24049e-05,1.51632e-05
971,0.1,362.748,-129.716,3.69513,,-1.36369,-4.23181e-05,1.51326e-05
972,0.1,363.118,-129.852,3.69513,,-1.36369,-4.22315e-05,1.51022e-05
973,0.1,363.487,-129.989,3.69512,,-1.36369,-4.21452e-05,1.50718e-05
974,0.1,363.857,-130.125,3.69512,,-1.36369,-4.20592e-05,1.50415e-05
975,0.1,364.226,-130.261,3.69511,,-1.36369,-4.19735e-05,1.50113e-05
976,0.1,364.596,-130.398,3.69511,,-1.36369,-4.1888e-05,1.49813e-05
977,0.1,364.965,-130.534,3.69511,,-1.36369,-4.18027e-05,1.49512e-05
978,0.1,365.335,-130.671,3.6951,,-1.36368,-4.17177e-05,1.49213e-05
979,0.1,365.704,-130.807,3.6951,,-1.36368,-4.1633e-05,1.48915e-05
980,0.1,366.074,-130.943,3.69509,,-1.36368,-4.15486e-05,1.48618e-05
981,0.1,366.443,-131.08,3.69509,,-1.36368,-4.14644e-05,1.48321e-05
982,0.1,366.813,-131.216,3.69508,,-1.36368,-4.13804e-05,1.48026e-05
983,0.1,367.182,-131.352,3.69508,,-1.36368,-4.12967e-05,1.47731e-05
984,0.1,367.552,-131.489,3.69508,,-1.36367,-4.12133e-05,1.47437e-05
985,0.1,367.921,-131.625,3.69507,,-1.36367,-4.11301e-05,1.47144e-05
986,0.1,368.291,-131.761,3.69507,,-1.36367,-4.10472e-05,1.46852e-05
987,0.1,368.66,-131.898,3.69506,,-1.36367,-4.09645e-05,1.46561e-05
988,0.1,369.03,-132.034,3.69506,,-1.36367,-4.08821e-05,1.46271e-05
989,0.1,369.399,-132.171,3.69506,,-1.36367,-4.07999e-05,1.45981e-05
990,0.1,369.769,-132.307,3.69505,,-1.36367,-4.07179e-05,1.45693e-05
991,0.1,370.138,-132.443,3.69505,,-1.36366,-4.06363e-05,1.45405e-05
992,0.1,370.508,-132.58,3.69504,,-1.36366,-4.05548e-05,1.45118e-05
993,0.1,370.877,-132.716,3.69504,,-1.36366,-4.04736e-05,1.44832e-05
994,0.1,371.247,-132.852,3.69504,,-1.36366,-4.03927e-05,1.44547e-05
995,0.1,371.616,-132.989,3.69503,,-1.36366,-4.03119e-05,1.44263e-05
996,0.1,371.986,-133.125,3.69503,,-1.36366,-4.02315e-05,1.43979e-05
997,0.1,372.355,-133.261,3.69502,,-1.36366,-4.01512e-05,1.43697e-05
998,0.1,372.725,-133.398,3.69502,,-1.36365,-4.00712e-05,1.43415e-05
999,0.1,373.094,-133.534,3.69502,,-1.36365,-3.99915e-05,1.43134e-05
1000,0.1,373.464,-133.671,3.69501,,-1.36365,-3.9912e-05,1.42853e-05
